variant,file,label,split,trim,n_frames,dimensions,input_duration_s,feature_audio_duration_s,start_sample,end_sample,endpoint_warnings
no_trim_mfcc13,khong/khong_01.wav,khong,train,False,423,13,4.248,4.248,0,67968,
no_trim_mfcc13,khong/khong_02.wav,khong,train,False,368,13,3.696,3.696,0,59136,
no_trim_mfcc13,khong/khong_03.wav,khong,train,False,188,13,1.896,1.896,0,30336,
no_trim_mfcc13,khong/khong_04.wav,khong,test,False,219,13,2.208,2.208,0,35328,
no_trim_mfcc13,khong/khong_05.wav,khong,test,False,341,13,3.432,3.432,0,54912,
no_trim_mfcc13,mot/mot_01.wav,mot,train,False,219,13,2.208,2.208,0,35328,
no_trim_mfcc13,mot/mot_02.wav,mot,train,False,214,13,2.16,2.16,0,34560,
no_trim_mfcc13,mot/mot_03.wav,mot,train,False,207,13,2.088,2.088,0,33408,
no_trim_mfcc13,mot/mot_04.wav,mot,test,False,274,13,2.76,2.76,0,44160,
no_trim_mfcc13,mot/mot_05.wav,mot,test,False,231,13,2.328,2.328,0,37248,
no_trim_mfcc13,hai/hai_01.wav,hai,train,False,207,13,2.088,2.088,0,33408,
no_trim_mfcc13,hai/hai_02.wav,hai,train,False,248,13,2.496,2.496,0,39936,
no_trim_mfcc13,hai/hai_03.wav,hai,train,False,180,13,1.824,1.824,0,29184,
no_trim_mfcc13,hai/hai_04.wav,hai,test,False,224,13,2.256,2.256,0,36096,
no_trim_mfcc13,hai/hai_05.wav,hai,test,False,377,13,3.792,3.792,0,60672,
no_trim_mfcc13,ba/ba_01.wav,ba,train,False,197,13,1.992,1.992,0,31872,
no_trim_mfcc13,ba/ba_02.wav,ba,train,False,262,13,2.64,2.64,0,42240,
no_trim_mfcc13,ba/ba_03.wav,ba,train,False,334,13,3.36,3.36,0,53760,
no_trim_mfcc13,ba/ba_04.wav,ba,test,False,363,13,3.648,3.648,0,58368,
no_trim_mfcc13,ba/ba_05.wav,ba,test,False,226,13,2.28,2.28,0,36480,
no_trim_mfcc13,bon/bon_01.wav,bon,train,False,168,13,1.704,1.704,0,27264,
no_trim_mfcc13,bon/bon_02.wav,bon,train,False,274,13,2.76,2.76,0,44160,
no_trim_mfcc13,bon/bon_03.wav,bon,train,False,164,13,1.656,1.656,0,26496,
no_trim_mfcc13,bon/bon_04.wav,bon,test,False,214,13,2.16,2.16,0,34560,
no_trim_mfcc13,bon/bon_05.wav,bon,test,False,202,13,2.04,2.04,0,32640,
