query_file,label,template_file,score,total_cost,path_length
khong/khong_04.wav,hai,hai/hai_02.wav,6.618004934500747,430.17032074254854,65
khong/khong_04.wav,khong,khong/khong_02.wav,7.450041821278663,655.6036802725224,88
khong/khong_04.wav,bon,bon/bon_03.wav,7.799610691490133,358.7820918085461,46
khong/khong_04.wav,mot,mot/mot_03.wav,7.801516453966965,351.06824042851343,45
khong/khong_04.wav,ba,ba/ba_02.wav,7.9873044591883575,734.8320102453289,92
khong/khong_05.wav,hai,hai/hai_02.wav,6.96634678508953,529.4423556668042,76
khong/khong_05.wav,khong,khong/khong_02.wav,7.2218461653390404,664.4098472111917,92
khong/khong_05.wav,bon,bon/bon_03.wav,8.020729979308147,561.4510985515702,70
khong/khong_05.wav,ba,ba/ba_02.wav,8.41463215486824,774.146158247878,92
khong/khong_05.wav,mot,mot/mot_03.wav,8.75341075085304,621.492163310566,71
mot/mot_04.wav,mot,mot/mot_01.wav,5.071719600199132,385.450689615134,76
mot/mot_04.wav,bon,bon/bon_03.wav,6.939054528267661,506.55098056353927,73
mot/mot_04.wav,ba,ba/ba_02.wav,8.336843395695382,775.3264357996705,93
mot/mot_04.wav,hai,hai/hai_03.wav,8.65105633429045,631.5271124032029,73
mot/mot_04.wav,khong,khong/khong_03.wav,10.570608576428725,951.3547718785853,90
mot/mot_05.wav,mot,mot/mot_03.wav,5.304445942102288,244.00451333670523,46
mot/mot_05.wav,bon,bon/bon_03.wav,6.685462495692454,320.9021997932378,48
mot/mot_05.wav,ba,ba/ba_02.wav,7.409322002475115,681.6576242277106,92
mot/mot_05.wav,hai,hai/hai_02.wav,8.743129736150399,568.303432849776,65
mot/mot_05.wav,khong,khong/khong_03.wav,9.197637157311625,818.5897070007347,89
hai/hai_04.wav,hai,hai/hai_01.wav,6.145505063214068,467.05838480426917,76
hai/hai_04.wav,ba,ba/ba_03.wav,8.83271335489188,644.7880749071072,73
hai/hai_04.wav,khong,khong/khong_02.wav,8.946884309944194,787.325819275089,88
hai/hai_04.wav,bon,bon/bon_03.wav,11.01590639534527,738.0657284881331,67
hai/hai_04.wav,mot,mot/mot_02.wav,11.128374373477627,979.2969448660311,88
hai/hai_05.wav,hai,hai/hai_03.wav,6.634002448549957,404.6741493615474,61
hai/hai_05.wav,ba,ba/ba_01.wav,8.5026620279632,773.7422445446513,91
hai/hai_05.wav,khong,khong/khong_02.wav,8.845528877835845,778.4065412495543,88
hai/hai_05.wav,bon,bon/bon_03.wav,9.040124428384685,551.4475901314657,61
hai/hai_05.wav,mot,mot/mot_02.wav,9.082693077897899,799.276990855015,88
ba/ba_04.wav,ba,ba/ba_01.wav,5.868310149886273,1032.8225863799842,176
ba/ba_04.wav,khong,khong/khong_03.wav,7.050319272003462,1240.8561918726093,176
ba/ba_04.wav,hai,hai/hai_03.wav,7.925933436678363,1394.964284855392,176
ba/ba_04.wav,mot,mot/mot_01.wav,7.980564862192017,1404.579415745795,176
ba/ba_04.wav,bon,bon/bon_03.wav,8.308466210373277,1462.2900530256968,176
ba/ba_05.wav,ba,ba/ba_02.wav,7.099955260862409,653.1958839993416,92
ba/ba_05.wav,mot,mot/mot_03.wav,7.602423155612833,433.33811986993146,57
ba/ba_05.wav,khong,khong/khong_03.wav,8.075565737552798,718.725350642199,89
ba/ba_05.wav,bon,bon/bon_01.wav,8.29872919504391,489.6250225075907,59
ba/ba_05.wav,hai,hai/hai_03.wav,8.683187744661778,477.5753259563978,55
bon/bon_04.wav,bon,bon/bon_01.wav,4.378298179127683,262.697890747661,60
bon/bon_04.wav,mot,mot/mot_02.wav,7.592070711472837,675.6942933210825,89
bon/bon_04.wav,khong,khong/khong_02.wav,9.407407119563977,827.85182652163,88
bon/bon_04.wav,ba,ba/ba_02.wav,9.69969037312791,892.3715143277677,92
bon/bon_04.wav,hai,hai/hai_03.wav,10.307596835424858,587.5330196192169,57
bon/bon_05.wav,bon,bon/bon_01.wav,9.151013974327665,539.9098244853323,59
bon/bon_05.wav,khong,khong/khong_03.wav,10.857202369947816,933.7194038155121,86
bon/bon_05.wav,mot,mot/mot_02.wav,11.297479033614069,994.178154958038,88
bon/bon_05.wav,ba,ba/ba_01.wav,11.890730264618163,1082.056454080253,91
bon/bon_05.wav,hai,hai/hai_01.wav,12.52733887566681,952.0777545506776,76
