step,query_frame,template_frame,local_cost,accumulated_cost
0,0,0,1.1944760104252445,1.1944760104252445
1,1,1,1.1944760104252445,2.388952020850489
2,2,2,1.1944760104252445,3.5834280312757336
3,3,3,1.1944760104252445,4.777904041700978
4,4,4,1.1944760104252445,5.972380052126223
5,5,5,1.1944760104252445,7.166856062551467
6,6,6,1.1944760104252445,8.361332072976712
7,7,7,1.1944760104252445,9.555808083401956
8,8,8,1.1944760104252445,10.7502840938272
9,9,9,1.1944760104252445,11.944760104252445
10,10,10,1.1944760104252445,13.13923611467769
11,11,11,1.1944760104252445,14.333712125102934
12,12,12,1.1944760104252445,15.528188135528179
13,13,13,1.1944760104252445,16.722664145953424
14,14,14,1.1944760104252445,17.917140156378668
15,15,15,1.1944760104252445,19.111616166803913
16,16,16,1.1944760104252445,20.306092177229157
17,17,17,1.1944760104252445,21.5005681876544
18,18,18,1.1944760104252445,22.695044198079646
19,19,19,1.1944760104252445,23.88952020850489
20,20,20,1.1944760104252445,25.083996218930135
21,21,21,1.1944760104252445,26.27847222935538
22,22,22,1.1944760104252445,27.472948239780624
23,23,23,1.1944760104252445,28.66742425020587
24,24,24,1.1944760104252445,29.861900260631113
25,25,25,1.1944760104252445,31.056376271056358
26,26,26,1.1944760104252445,32.2508522814816
27,27,27,1.1944760104252445,33.44532829190685
28,28,28,1.1944760104252445,34.639804302332095
29,29,29,1.1900328566354914,35.829837158967585
30,30,29,1.1900328566354914,37.019870015603075
31,31,30,1.5697132612586713,38.589583276861745
32,32,31,1.448058363830938,40.037641640692684
33,33,31,2.2899020479063155,42.327543688599
34,34,32,7.823605012337531,50.15114870093653
35,35,33,12.259308269633278,62.41045697056981
36,36,34,10.519457245066123,72.92991421563593
37,37,35,13.943790984820714,86.87370520045664
38,38,36,14.488925618044922,101.36263081850156
39,39,37,14.897255503188921,116.25988632169047
40,40,38,10.918235786937988,127.17812210862846
41,41,39,6.969506926091543,134.14762903472
42,42,40,4.172942776053533,138.32057181077354
43,43,41,2.6534110831627373,140.9739828939363
44,44,42,17.73387776991367,158.70786066384997
45,45,43,26.49534251438082,185.20320317823078
46,46,44,26.671015443719025,211.8742186219498
47,47,45,29.069565544078376,240.9437841660282
48,48,46,22.760142025146386,263.70392619117456
49,49,47,16.984349311732796,280.68827550290735
50,50,48,7.927371688685746,288.6156471915931
51,51,49,4.315896467749259,292.93154365934237
52,52,50,5.919882453082275,298.85142611242463
53,53,51,5.662380213014016,304.5138063254386
54,54,52,15.792939990528417,320.306746315967
55,55,53,19.35703185883343,339.6637781748004
56,56,54,18.04820836445297,357.7119865392534
57,57,55,16.27723970114556,373.989226240399
58,58,56,11.375694131510446,385.3649203719094
59,59,57,5.625208808499949,390.9901291804094
60,60,58,4.815609718298653,395.80573889870806
61,61,59,4.098596695823844,399.9043355945319
62,62,60,3.454552004547109,403.358887599079
63,63,61,4.0976742693552675,407.4565618684343
64,64,62,3.783354554003096,411.2399164224374
65,65,63,5.877084129890885,417.11700055232825
66,66,64,5.454234140638621,422.57123469296687
67,67,65,7.542280495413637,430.1135151883805
68,68,66,6.574874789458191,436.6883899778387
69,69,67,6.034583818036432,442.72297379587513
70,70,68,3.6070819052267136,446.33005570110186
71,71,69,1.846592748324325,448.1766484494262
72,72,69,1.504207735771438,449.6808561851976
73,73,70,2.5481290292253,452.22898521442295
74,74,70,1.9173475505354924,454.14633276495846
75,75,70,2.5237956292211967,456.67012839417964
76,76,70,2.9672834927637863,459.6374118869434
77,77,70,3.2381962185602875,462.8756081055037
78,78,70,2.189588180219489,465.06519628572323
79,79,70,2.538932836571212,467.60412912229447
80,80,70,2.1762104920538263,469.7803396143483
81,81,70,2.3974294824332305,472.1777690967815
82,82,70,1.9552315744433295,474.1330006712248
83,83,70,2.189406063638429,476.32240673486325
84,84,70,2.2397260688555516,478.5621328037188
85,85,70,2.163845819526367,480.72597862324517
86,86,70,1.7986417146671925,482.5246203379124
87,87,70,1.8011591600042276,484.3257794979166
88,88,70,1.6837354295231,486.0095149274397
89,89,70,1.6027838576702906,487.61229878511
90,90,70,2.089131140003466,489.7014299251135
91,91,70,2.3654009151500808,492.06683084026355
92,92,70,3.298851260196586,495.36568210046016
93,93,70,3.173250675144473,498.5389327756046
94,94,70,2.9547071972923042,501.4936399728969
95,95,70,2.3546951374610234,503.84833511035794
96,96,70,2.6503360972382213,506.49867120759615
97,97,70,2.4376993958649122,508.93637060346106
98,98,70,2.3210460765849046,511.25741668004594
99,99,70,2.3181609937422896,513.5755776737882
100,100,70,2.0178241514040685,515.5934018251922
101,101,70,1.92643938695081,517.5198412121431
102,102,70,2.087966692830519,519.6078079049736
103,103,70,2.452795235658169,522.0606031406318
104,104,70,2.753191599519327,524.8137947401511
105,105,70,2.0711710196833195,526.8849657598345
106,106,70,2.568426026977594,529.4533917868121
107,107,70,2.5688710426771153,532.0222628294891
108,108,70,2.1091754754593213,534.1314383049485
109,109,70,2.018829530738536,536.150267835687
110,110,70,2.118482603173152,538.2687504388601
111,111,70,2.127412505551007,540.3961629444111
112,112,70,2.3250976367207565,542.7212605811319
113,113,70,2.2920579636089196,545.0133185447409
114,114,71,2.8638058881192445,547.8771244328601
115,115,72,3.9808339669372144,551.8579583997973
116,116,73,3.4934799138130215,555.3514383136104
117,117,74,5.154248940416342,560.5056872540267
118,118,75,4.4603940768159624,564.9660813308427
119,119,76,5.374159784452721,570.3402411152954
120,120,77,4.97203573131841,575.3122768466138
121,121,78,5.338368767527688,580.6506456141415
122,121,79,6.082550479510748,586.7331960936522
123,121,80,6.341842272758579,593.0750383664107
124,122,81,6.998107051610609,600.0731454180213
125,123,82,7.84640871336514,607.9195541313865
126,124,83,8.26166431434367,616.1812184457301
127,124,84,7.63283529325995,623.8140537389901
128,124,85,6.563754175186336,630.3778079141764
129,124,86,6.566874361202489,636.9446822753789
130,124,87,4.73221646553258,641.6768987409115
131,124,88,4.241944333470142,645.9188430743816
132,125,89,4.380065344926141,650.2989084193077
133,126,90,7.206575182327672,657.5054836016354
134,127,91,7.821442472266372,665.3269260739019
135,128,92,9.015991611217673,674.3429176851196
136,129,93,10.08601885572655,684.4289365408462
137,130,94,9.839773939184557,694.2687104800307
138,131,95,10.069034393859514,704.3377448738902
139,132,96,11.722410118780799,716.060154992671
140,133,97,11.250785819149387,727.3109408118204
141,134,98,12.103642164453026,739.4145829762734
142,135,99,12.572279701077125,751.9868626773506
143,136,100,13.599138024866283,765.5860007022169
144,137,101,13.429872757194932,779.0158734594119
145,138,102,13.676706049071319,792.6925795084832
146,139,103,15.365079539809651,808.0576590482929
147,140,104,14.027958606458593,822.0856176547514
148,141,105,11.592197780129203,833.6778154348807
149,142,106,9.957226031886691,843.6350414667673
150,142,107,10.086375491337957,853.7214169581054
151,142,108,9.481695719426707,863.2031126775321
152,142,109,8.650489901477872,871.8536025790099
153,142,110,8.240768536782003,880.0943711157919
154,142,111,8.986441157863892,889.0808122736557
155,142,112,8.992895538313633,898.0737078119694
156,142,113,9.19742449118276,907.2711323031522
157,142,114,9.090914307980773,916.362046611133
158,142,115,9.667038693272092,926.029085304405
159,142,116,9.344143965715029,935.3732292701201
160,142,117,8.577205753767688,943.9504350238877
161,142,118,7.769415956712578,951.7198509806003
162,142,119,8.357761773539242,960.0776127541395
163,142,120,8.467190478755295,968.5448032328948
164,143,121,8.547305562895135,977.09210879579
165,144,122,7.304276951799114,984.3963857475891
166,145,123,8.59519866258905,992.9915844101781
167,146,124,8.898842035443264,1001.8904264456214
168,147,125,8.7169137283321,1010.6073401739535
169,148,126,7.298170337838704,1017.9055105117922
170,149,127,6.595441912298513,1024.5009524240907
171,149,128,6.821848229899288,1031.32280065399
172,150,129,7.2467560941569165,1038.5695567481469
173,150,130,6.443731490432737,1045.0132882385797
174,150,131,5.291792328821772,1050.3050805674015
175,151,132,5.778895315720314,1056.0839758831219
176,152,133,5.372533933062985,1061.456509816185
177,152,134,5.280287264434259,1066.7367970806192
178,152,135,5.765714586225433,1072.5025116668446
179,152,136,4.146539343433186,1076.6490510102778
180,152,137,3.8272303601218463,1080.4762813703996
181,152,138,3.539688468164978,1084.0159698385646
182,152,139,3.508344523084387,1087.524314361649
183,152,140,3.527115198335351,1091.0514295599844
184,152,141,3.823338499920472,1094.874768059905
185,152,142,3.4090800679259856,1098.2838481278309
186,152,143,3.674337266783033,1101.958185394614
187,152,144,3.2889372154487515,1105.2471226100627
188,152,145,3.433999351260548,1108.6811219613232
189,152,146,3.238157309012027,1111.9192792703352
190,152,147,3.3608917388700834,1115.2801710092053
191,152,148,3.5357322162440545,1118.8159032254493
192,152,149,3.1207808756069984,1121.9366841010562
193,153,150,3.194845225752326,1125.1315293268085
194,153,151,3.976150946760519,1129.107680273569
195,154,152,4.610324976966959,1133.718005250536
196,155,153,5.02769938657281,1138.7457046371087
197,156,154,3.285692548560876,1142.0313971856697
198,157,155,3.415460705584469,1145.4468578912542
199,158,156,2.591907800836524,1148.0387656920907
200,159,157,3.0421154501963588,1151.0808811422871
201,160,158,2.6632795530699607,1153.744160695357
202,161,159,2.5496986927941863,1156.2938593881513
203,162,160,2.6337535002075945,1158.927612888359
204,162,161,3.4703611989637464,1162.3979740873226
205,162,162,2.7442257347513888,1165.142199822074
206,163,163,2.8626535661454833,1168.0048533882195
207,164,164,2.2007003868770365,1170.2055537750966
208,165,165,2.6142229044269785,1172.8197766795236
209,166,166,2.206025089913878,1175.0258017694375
210,166,167,1.8773972822955263,1176.903199051733
211,167,168,1.8001431069457183,1178.7033421586789
212,168,169,2.31436102199972,1181.0177031806786
213,169,170,3.360848058246878,1184.3785512389254
214,170,171,3.0860945863498497,1187.4646458252753
215,171,172,2.283629920054843,1189.7482757453301
216,172,173,2.639678665631656,1192.3879544109618
217,173,174,2.0165215304223993,1194.4044759413841
218,174,175,3.045040364450588,1197.4495163058348
219,175,176,2.855763003132853,1200.3052793089676
220,175,177,1.906585017307794,1202.2118643262754
221,175,178,2.20768959792801,1204.4195539242035
222,175,179,2.366131215705223,1206.7856851399088
223,175,180,2.2904549010799564,1209.0761400409888
224,175,181,1.9111144166292597,1210.987254457618
225,175,182,2.7002801025817083,1213.6875345601998
226,175,183,2.610839230839023,1216.2983737910388
227,175,184,2.285967337340508,1218.5843411283793
228,175,185,2.138934253733978,1220.7232753821133
229,175,186,2.005661062119503,1222.7289364442329
230,175,187,2.7901105379651185,1225.519046982198
231,175,188,2.1343868421779564,1227.653433824376
232,175,189,1.8359350573609072,1229.489368881737
233,175,190,2.2857262489904326,1231.7750951307273
234,175,191,3.0324608943478015,1234.8075560250752
235,175,192,3.1271802388365133,1237.9347362639116
236,175,193,2.487538623727025,1240.4222748876387
237,175,194,2.2766878029516984,1242.6989626905904
238,175,195,1.744612973836811,1244.4435756644273
239,175,196,2.9456638418391616,1247.3892395062664
240,175,197,2.9608873777122056,1250.3501268839786
241,175,198,2.692751486578964,1253.0428783705577
242,175,199,2.6583662130193457,1255.701244583577
243,175,200,2.1595199041309265,1257.860764487708
244,175,201,1.7614353114584802,1259.6221997991663
245,175,202,1.8263534757712223,1261.4485532749375
246,175,203,1.910399208196391,1263.3589524831339
247,175,204,2.353328184811657,1265.7122806679456
248,175,205,2.2123168292766966,1267.9245974972223
249,175,206,1.7982302546514382,1269.7228277518736
250,175,207,1.5225018562791492,1271.2453296081528
251,175,208,2.29000771616169,1273.5353373243145
252,175,209,2.1260869736978707,1275.6614242980124
253,175,210,1.827191548474993,1277.4886158464874
254,175,211,1.8479678726001867,1279.3365837190877
255,175,212,2.086884831408929,1281.4234685504966
256,175,213,2.852732019530738,1284.2762005700274
257,175,214,2.8264882438848247,1287.1026888139122
258,175,215,1.8459374231768004,1288.948626237089
259,175,216,2.5624404804392085,1291.5110667175281
260,175,217,2.343312120699436,1293.8543788382276
261,175,218,2.16512299882215,1296.0195018370498
262,175,219,1.8343048075670094,1297.8538066446167
263,175,220,1.9785080026415325,1299.8323146472583
264,175,221,2.412397346898931,1302.2447119941571
265,175,222,2.163532876676551,1304.4082448708336
266,175,223,2.911684014573343,1307.319928885407
267,175,224,1.8192912312241367,1309.1392201166311
268,175,225,2.129439399203969,1311.268659515835
269,175,226,2.6507428535026984,1313.9194023693376
270,175,227,2.7756837046526153,1316.6950860739903
271,175,228,2.034747840643136,1318.7298339146334
272,175,229,2.130416805019034,1320.8602507196524
273,175,230,2.1695298738668676,1323.0297805935193
274,175,231,1.9561963155465272,1324.9859769090658
275,175,232,2.619634989331328,1327.6056118983972
276,175,233,2.22252092747325,1329.8281328258704
277,175,234,2.086961973870172,1331.9150947997405
278,175,235,1.8525065650748704,1333.7676013648154
279,175,236,3.074497141066499,1336.842098505882
280,175,237,2.882162057231568,1339.7242605631136
281,175,238,2.116098477507347,1341.840359040621
282,175,239,2.7666667590858864,1344.607025799707
283,175,240,1.9775428314280579,1346.584568631135
284,175,241,2.020085743764446,1348.6046543748994
285,175,242,2.7622011224800227,1351.3668554973794
286,175,243,2.623409897339883,1353.9902653947192
287,175,244,2.2460210024158025,1356.236286397135
288,175,245,2.20654350319426,1358.4428299003293
289,175,246,2.8687417607659382,1361.3115716610953
290,175,247,2.656696080892935,1363.9682677419883
291,175,248,2.77617964397087,1366.7444473859591
292,175,249,2.8678399640290038,1369.612287349988
293,175,250,2.4846003998035995,1372.0968877497917
294,175,251,2.6411334816022434,1374.738021231394
295,175,252,2.628536030570733,1377.3665572619648
296,175,253,3.070264590650606,1380.4368218526154
297,175,254,2.8214003001741985,1383.2582221527896
298,175,255,2.7787840281914913,1386.037006180981
299,175,256,2.4644909149314427,1388.5014970959126
300,175,257,2.421438411939141,1390.9229355078517
301,175,258,2.3218384388497784,1393.2447739467013
302,175,259,2.7447904286739813,1395.9895643753753
303,175,260,2.607804541449539,1398.5973689168247
304,175,261,2.3845576512704403,1400.981926568095
305,175,262,3.0325457923312458,1404.0144723604265
306,175,263,2.980444403923949,1406.9949167643504
307,175,264,2.9545962600738145,1409.9495130244243
308,175,265,2.574659005482068,1412.5241720299064
309,175,266,2.701197221072908,1415.2253692509794
310,175,267,2.5650662056403797,1417.7904354566197
311,175,268,2.776532244617886,1420.5669677012374
312,175,269,2.886511369068343,1423.4534790703058
313,175,270,3.3217121755782557,1426.7751912458841
314,175,271,2.784714351733932,1429.5599055976181
315,175,272,1.8294016096539003,1431.389307207272
316,175,273,2.1268814732704375,1433.5161886805424
317,175,274,2.4744216494072186,1435.9906103299497
318,175,275,1.8727670173645459,1437.8633773473143
319,175,276,2.066622942846861,1439.9300002901612
320,175,277,1.9939378014905556,1441.9239380916517
321,175,278,2.2645382114891497,1444.188476303141
322,175,279,2.10657588635762,1446.2950521894986
323,175,280,2.8537150527305295,1449.148767242229
324,175,281,2.1173329290783443,1451.2661001713075
325,175,282,2.2440989737722554,1453.5101991450797
326,175,283,1.9115366377854408,1455.4217357828652
327,175,284,1.6429538245385058,1457.0646896074038
328,175,285,2.2839255121948887,1459.3486151195987
329,175,286,3.1918603228688878,1462.5404754424676
330,175,287,2.548149180299678,1465.0886246227674
331,175,288,2.1060163002147814,1467.1946409229822
332,175,289,2.029330586219787,1469.223971509202
333,175,290,2.0346214614082516,1471.2585929706104
334,175,291,2.2567035112229785,1473.5152964818333
335,176,292,2.355673577693126,1475.8709700595264
336,177,293,2.7260635232532504,1478.5970335827797
337,178,294,1.8661363216257778,1480.4631699044055
338,179,295,1.8256860530771424,1482.2888559574826
339,180,296,1.6220845730623625,1483.910940530545
340,181,297,2.196472425189917,1486.107412955735
341,182,298,2.79704655972712,1488.9044595154621
342,183,299,3.4808628087492632,1492.3853223242113
343,184,300,4.413360782610917,1496.7986831068222
344,185,301,4.307340795965954,1501.1060239027881
345,186,302,4.833451104863385,1505.9394750076515
346,187,303,2.5610835404509564,1508.5005585481024
347,188,304,1.92122541895237,1510.4217839670548
348,188,305,2.8406503071385067,1513.2624342741933
349,188,306,2.845293561966592,1516.10772783616
350,188,307,2.2319749441222894,1518.3397027802823
351,189,308,2.394248998866372,1520.7339517791486
352,190,309,2.2207103524224294,1522.954662131571
353,191,310,1.8711620942920821,1524.825824225863
354,191,311,1.6453358349113465,1526.4711600607743
355,192,312,2.030302550843801,1528.501462611618
356,192,313,1.8707508558377048,1530.3722134674558
357,192,314,1.766546274560656,1532.1387597420164
358,192,315,2.6996336557458456,1534.8383933977623
359,192,316,1.8299395560690035,1536.6683329538312
360,192,317,2.4978698259884937,1539.1662027798197
361,193,318,2.6667404810323867,1541.832943260852
362,194,319,2.7509455362623214,1544.5838887971145
363,194,320,2.1056845765633856,1546.6895733736778
364,195,321,2.120951012962417,1548.8105243866403
365,196,322,1.8393547206754233,1550.6498791073157
366,196,323,2.35154415204681,1553.0014232593624
367,197,324,2.78205306590435,1555.7834763252667
368,198,325,2.3001378281114144,1558.0836141533782
369,198,326,2.246056554684272,1560.3296707080624
370,199,327,1.9885125901050387,1562.3181832981675
371,199,328,2.613454722291044,1564.9316380204584
372,199,329,2.372362417352072,1567.3040004378106
373,199,330,2.07937693861996,1569.3833773764306
374,199,331,2.2527010468651576,1571.6360784232959
375,199,332,2.525554368693486,1574.1616327919894
376,199,333,1.7815049557724996,1575.943137747762
377,199,334,2.4851696750126613,1578.4283074227747
378,199,335,2.536864562003043,1580.9651719847777
379,199,336,2.102742497937218,1583.067914482715
380,199,337,2.9041141668530988,1585.972028649568
381,199,338,2.7077544970038416,1588.679783146572
382,199,339,2.5800113878031494,1591.259794534375
383,199,340,3.530374342767112,1594.7901688771422
384,199,341,2.771436952873411,1597.5616058300157
385,200,342,4.303342861782889,1601.8649486917986
386,201,343,4.594191187260272,1606.459139879059
387,202,344,4.288620621747042,1610.747760500806
388,203,345,3.0369604532885663,1613.7847209540946
389,204,346,3.7538222303511644,1617.5385431844459
390,205,347,4.61903884579599,1622.1575820302419
391,206,348,3.8751649892610844,1626.032747019503
392,207,349,2.0195074768404795,1628.0522544963435
393,208,350,2.076747848643065,1630.1290023449865
394,208,351,2.0828397624974637,1632.211842107484
395,208,352,3.337969557476437,1635.5498116649605
396,209,353,4.301005275735569,1639.8508169406962
397,210,354,4.88738777889764,1644.7382047195938
398,211,355,3.7215800308512215,1648.4597847504451
399,212,356,3.189811378874396,1651.6495961293194
400,212,357,2.983502605054194,1654.6330987343736
401,212,358,1.6860806694982629,1656.3191794038719
402,212,359,2.0829614184919065,1658.402140822364
403,213,360,2.3023164933419737,1660.704457315706
404,214,361,2.772382835142131,1663.476840150848
405,215,362,1.7419968583228902,1665.2188370091708
406,215,363,2.1709201034806944,1667.3897571126515
407,215,364,2.0522022153131423,1669.4419593279647
408,216,365,2.089044181513559,1671.5310035094783
409,217,366,2.739770334834127,1674.2707738443123
410,218,367,1.9770423374369375,1676.2478161817492
