source,destination,source_sha256,wav_sha256,source_sample_rate,source_channels,target_sample_rate,target_subtype
ba/ba.mp3,ba/ba_01.wav,8a8c5dc52944c651312b5772762ba1600a20fb2e68bc3b8377f31811e1241283,eda7320470a0950abf0b454166808bfa7578b4df33b7fca307e4f772a6bd0341,48000,1,16000,PCM_16
ba/ba(1).mp3,ba/ba_02.wav,760d54a571e7aca4984d14a6ecf6cf47e6664759fc1633461da1d5e1ebde2554,352634efbb7487eb5819883d4f10fe6ed81886e579821583859fa25dfba11a75,48000,1,16000,PCM_16
ba/ba(2).mp3,ba/ba_03.wav,e406db8d5087518263519d682510a3f8ea516492b078cb37dca5b94779eac4fb,d4ac7a58f89ed1261ed4ea38348d66b90dd09913ed12cafd3efba5c07a40937f,48000,1,16000,PCM_16
ba/ba(3).mp3,ba/ba_04.wav,682abe75e9db3c5c41febc8280c1d6d1db5233ed65b7c3ac28034c5e2535ef0a,3df7f8abe7d5d3a32639ff47f115f605d32da383798d5518203fe3e8a9253bcd,48000,1,16000,PCM_16
ba/ba(4).mp3,ba/ba_05.wav,3bf405a5bb08936604c31fcc5d6a61e7b1df0bc0251b4977aa08968d4f36e123,5b77a7ec1b94da61dd2e50a91954cd56cfce06895a41bb4619064653ca5d5dcb,48000,1,16000,PCM_16
bon/bon.mp3,bon/bon_01.wav,2895f85bea5901b06a167434bc5720849f554d364d324dec21ee9419821f1d4b,3868479ebc4d92d9377c66c5a0127abf05299db0621e99207a5f65443afe5044,48000,1,16000,PCM_16
bon/bon(1).mp3,bon/bon_02.wav,df1d55b40863c90dd30895fac02bf5296c40a0397b666cd4ed45d98c60f8a31f,a8b7a78b09e1c276e080c7af46d257839677e842753fd6de5a2e4edaba402e89,48000,1,16000,PCM_16
bon/bon(2).mp3,bon/bon_03.wav,07fcacbecabd5ce240bea0035807479c00bf0235f1057b29169e20e4c883928b,510c8984622583c2f28b2fe5b4965ffa4c2077393b4cc9ac7002030b9f5dbc3c,48000,1,16000,PCM_16
bon/bon(3).mp3,bon/bon_04.wav,e2bf6a20ac7215a0e6cd122f00eb78f198ba171042786d0f06607fe1a25fe466,dc55744b7d2b76c9370be51399371dbd3169050113120bdd97d6b523409d5f9d,48000,1,16000,PCM_16
bon/bon(4).mp3,bon/bon_05.wav,27e67497759890939a35875dac9d00ea8b2f64c51768d813cf81415fc3b86265,e9eb030df9c55a6a4b104a6b89c2c52d375be332120eb018406de62418b3233a,48000,1,16000,PCM_16
hai/hai.mp3,hai/hai_01.wav,c97e1190c24cf2072a375d1511e789c261b3d4b4267907f0fe6b29597755cd2f,3467ba7888637cabda089f5bcbe8e093a5e2af80815cb229694cc33dbc3c4b13,48000,1,16000,PCM_16
hai/hai(1).mp3,hai/hai_02.wav,213190e4b9cf39b1b6f77d9b58abcc7bd2a4b9de79eec40f483356c0a7bd9591,87ed21d964163b3eeeb54b960b408bf50e943764e753da7ea9293667e6d0fb05,48000,1,16000,PCM_16
hai/hai(2).mp3,hai/hai_03.wav,ab75c4d1fd2d466ada93cb4fe6b0e3e8399357623bbb4b7bb1fc866840489f45,98415991afa3b4b9bd3bdd23fe322d92095285ca28c9ff8d6a923d77536d25b7,48000,1,16000,PCM_16
hai/hai(3).mp3,hai/hai_04.wav,aa08ed2e92913c7f0047b1ffe9e268c4bd964f24dd53d55cd178d4b20782e0b7,736c26de2b5623268573d31d2c5665d2d22798a19ab9b3c0c64505a4b44dd4fb,48000,1,16000,PCM_16
hai/hai(4).mp3,hai/hai_05.wav,31d5204499c28aca194d9332bb4345b0a699c0d6404d866827fc8aaf14223f7a,7ea4ea0a39bb8584fc2496546059c80171d88e4ecd1cfd813531f525029e94f3,48000,1,16000,PCM_16
khong/khong.mp3,khong/khong_01.wav,55ed375a613e31783740689ee0cfd6e4c088e5046c09a47d383692684c4b3496,00d5edd0cfcc1fbe8afe174075eb43028167b6d3cfc28b7272511fbafd425697,48000,1,16000,PCM_16
khong/khong(1).mp3,khong/khong_02.wav,608a1e24187bbbbbc6c268bcf441aba678dcf0b92c3ac7a77fa0237da3432f64,6378f30a21dccb3b4da9326d79429a7b0ccf08afac807ae431964b9cb2e18eb8,48000,1,16000,PCM_16
khong/khong(2).mp3,khong/khong_03.wav,385f50e986a8c22fdd201de6ea8a4e7375ad0f3a99576565ea9a23118ca40c13,2b16d9f39ab8887f64652e4a26a1302df5b195a459262eb07c0f89cdff4527c1,48000,1,16000,PCM_16
khong/khong(3).mp3,khong/khong_04.wav,6baefe872ec4753bdc200ed9bf1fdadebbcdcbb07c57ec296a08b84110e8e2c0,535ead7a19430c7d7ba424f532cf69a8c48a8ec302c7834ce3394509fc35b9f8,48000,1,16000,PCM_16
khong/khong(4).mp3,khong/khong_05.wav,caa528dd2aa6e2ee9d3a5c1ac4bdbfb43e4d8a85082b40e3c4a0dd386048f2cc,aa0ae3645e1cbd6c6f04fd36fed45072db92ab77778f3b606c19803f6a45220b,48000,1,16000,PCM_16
mot/mot.mp3,mot/mot_01.wav,64d7b77d781c1b26a368d077e92b69f19b2af468a3b391514939ff1a52e998c2,8da19f28c90516042cf4002c5580dcbbbd0e69eff1ac9f19e619a0064c5d0164,48000,1,16000,PCM_16
mot/mot(1).mp3,mot/mot_02.wav,ab1ec9b6998a4a97ccc12a5423cd9e208aea93e26fb1da6a9b85b2400e1a6fda,37ae83034be38c1384e40d0a4d0bf2fa1dd128b4096e1ec33d9f67dff1903743,48000,1,16000,PCM_16
mot/mot(2).mp3,mot/mot_03.wav,f8dbfcc65b5581e28b4765321e4f5155edaa8f50f1e904529b4ccf8201d5c788,414e4c97d682d2e4752486401dbe76ceb5cc0e09cef236c9d276ed71cd1885b4,48000,1,16000,PCM_16
mot/mot(3).mp3,mot/mot_04.wav,26b35f3d40db6a085e31d57141f9349dbae08da6f77ce7a6b76c9aa133854576,e7fcf544fbb407772bf10f63b6aa9239fe17376ad2a8735f8acd25c2de7c20b8,48000,1,16000,PCM_16
mot/mot(4).mp3,mot/mot_05.wav,cdf03d51f734895276e87c718b980a0017533562753ef33914a54dcdde929064,ac03c87eda05048d10557b290e1d592421bbb74212ea14ff52269d627f65d4b4,48000,1,16000,PCM_16
