file,label,sample_rate,channels,subtype,duration_s,peak,rms,clipping_percent,leading_quiet_s,trailing_quiet_s,audio_hash,format_ok,warnings,error
khong/khong_01.wav,khong,16000,1,PCM_16,4.248,0.109406,0.006669,0.0,0.33,0.128,929486dcb3d62cc7ae8db876851d9cef7c69291ddebd187be6d42ea7964c2811,True,Khoảng yên đầu/cuối ngắn; nghe lại,
khong/khong_02.wav,khong,16000,1,PCM_16,3.696,0.030762,0.002906,0.0,0.34,0.196,2478bfd6b4288be9612cd8c225666436a4f962f4eb496c5dab8b14b43589b78b,True,Âm lượng nhỏ; nghe lại; Khoảng yên đầu/cuối ngắn; nghe lại,
khong/khong_03.wav,khong,16000,1,PCM_16,1.896,0.016632,0.002068,0.0,0.33,0.146,39795dbe84f47a8a6b037d74657667e7a1e6d8c5ccc5e83d8ae57425853f55f4,True,Âm lượng nhỏ; nghe lại; Khoảng yên đầu/cuối ngắn; nghe lại,
khong/khong_04.wav,khong,16000,1,PCM_16,2.208,0.046326,0.003703,0.0,1.27,0.138,dca0da2033f0b08e0d3c7c29deb2f964ede37adec1ccc61c2f30876695034002,True,Âm lượng nhỏ; nghe lại; Khoảng yên đầu/cuối ngắn; nghe lại; Khoảng yên đầu/cuối dài hơn khuyến nghị,
khong/khong_05.wav,khong,16000,1,PCM_16,3.432,0.03656,0.003111,0.0,1.9,0.162,1264d814d56f9191f659f816b5ce0c480438df706a72e1146b6fa097ad26ee80,True,Âm lượng nhỏ; nghe lại; Khoảng yên đầu/cuối ngắn; nghe lại; Khoảng yên đầu/cuối dài hơn khuyến nghị,
mot/mot_01.wav,mot,16000,1,PCM_16,2.208,0.031372,0.004349,0.0,0.98,0.148,4a6cc259da1e41f070a398c6105e2cb777783b5a2bb90aa13e4c881a76df5ba4,True,Âm lượng nhỏ; nghe lại; Khoảng yên đầu/cuối ngắn; nghe lại; Khoảng yên đầu/cuối dài hơn khuyến nghị,
mot/mot_02.wav,mot,16000,1,PCM_16,2.16,0.028534,0.004107,0.0,0.8,0.19,97e27919192ac361ede8326a6a881380d6347f388a15354a0fe8ef52a9dd0dc2,True,Âm lượng nhỏ; nghe lại; Khoảng yên đầu/cuối ngắn; nghe lại; Khoảng yên đầu/cuối dài hơn khuyến nghị,
mot/mot_03.wav,mot,16000,1,PCM_16,2.088,0.036499,0.004378,0.0,1.22,0.168,0f62ea6943ddebc17c86ee7a45d6d4d5f6e12bbb35bf1d92e9d493f35ee4beb8,True,Âm lượng nhỏ; nghe lại; Khoảng yên đầu/cuối ngắn; nghe lại; Khoảng yên đầu/cuối dài hơn khuyến nghị,
mot/mot_04.wav,mot,16000,1,PCM_16,2.76,0.036682,0.004636,0.0,1.63,0.18,2bcdb916011f5c8a4c69d2a57b6c7ce19ac2244c2211debf6a799236e67ba9e7,True,Âm lượng nhỏ; nghe lại; Khoảng yên đầu/cuối ngắn; nghe lại; Khoảng yên đầu/cuối dài hơn khuyến nghị,
mot/mot_05.wav,mot,16000,1,PCM_16,2.328,0.040375,0.00349,0.0,0.89,0.148,6c27c6ccae905e759ff77aa2781687b8aa34a31c6097df69533c0fc88f5d2224,True,Âm lượng nhỏ; nghe lại; Khoảng yên đầu/cuối ngắn; nghe lại; Khoảng yên đầu/cuối dài hơn khuyến nghị,
hai/hai_01.wav,hai,16000,1,PCM_16,2.088,0.012695,0.002615,0.0,0.72,0.098,149e35bfad779f999793da92d1ac3c24f9fe25d8279f9dca3aee2d491497e435,True,Âm lượng nhỏ; nghe lại; Khoảng yên đầu/cuối ngắn; nghe lại; Khoảng yên đầu/cuối dài hơn khuyến nghị,
hai/hai_02.wav,hai,16000,1,PCM_16,2.496,0.023132,0.001839,0.0,1.66,0.146,2b671932796544a38077a4ee50156eed5ea8cbabdebbb8ce9598aeab8f2763b2,True,Âm lượng nhỏ; nghe lại; Khoảng yên đầu/cuối ngắn; nghe lại; Khoảng yên đầu/cuối dài hơn khuyến nghị,
hai/hai_03.wav,hai,16000,1,PCM_16,1.824,0.013092,0.001595,0.0,0.69,0.164,90a01322fed14f11349b98560c0cabec8bfa26fde42f3b62ef5cc58b64ccecce,True,Âm lượng nhỏ; nghe lại; Khoảng yên đầu/cuối ngắn; nghe lại; Khoảng yên đầu/cuối dài hơn khuyến nghị,
hai/hai_04.wav,hai,16000,1,PCM_16,2.256,0.020386,0.00213,0.0,1.12,0.126,ea00d67a320cae5ebe6db5a1efbdeb47e901bfc5d2472d92ca61d5732bcfeece,True,Âm lượng nhỏ; nghe lại; Khoảng yên đầu/cuối ngắn; nghe lại; Khoảng yên đầu/cuối dài hơn khuyến nghị,
hai/hai_05.wav,hai,16000,1,PCM_16,3.792,0.028625,0.002267,0.0,0.93,0.022,a5b04ac3d8abf00e4735b7cb312858cfd4f4c731667ce6a64f895ddbf211c2d8,True,Âm lượng nhỏ; nghe lại; Khoảng yên đầu/cuối ngắn; nghe lại; Khoảng yên đầu/cuối dài hơn khuyến nghị,
ba/ba_01.wav,ba,16000,1,PCM_16,1.992,0.022797,0.003153,0.0,0.42,0.142,6ef4dcc49f6853b5a18403a2e0192bf6ee385c3bf4afb5bc6c69b9b31a19a5c4,True,Âm lượng nhỏ; nghe lại; Khoảng yên đầu/cuối ngắn; nghe lại,
ba/ba_02.wav,ba,16000,1,PCM_16,2.64,0.032166,0.003855,0.0,0.89,0.16,a02c2cf373e13f0a0838bb29bb3c6d1e71ec3e96468c573aac8e7c7438b9cd22,True,Âm lượng nhỏ; nghe lại; Khoảng yên đầu/cuối ngắn; nghe lại; Khoảng yên đầu/cuối dài hơn khuyến nghị,
ba/ba_03.wav,ba,16000,1,PCM_16,3.36,0.056274,0.003942,0.0,1.99,0.17,059bea659a4ec811b2c1a70678e827e233be7768f84393d497cf6f2bc8c9a82e,True,Âm lượng nhỏ; nghe lại; Khoảng yên đầu/cuối ngắn; nghe lại; Khoảng yên đầu/cuối dài hơn khuyến nghị,
ba/ba_04.wav,ba,16000,1,PCM_16,3.648,0.036926,0.006267,0.0,0.39,0.138,a84bb1d06abd56194102eef28a44843c0fd4b8139a2baa66d0e26ad2ed591364,True,Khoảng yên đầu/cuối ngắn; nghe lại,
ba/ba_05.wav,ba,16000,1,PCM_16,2.28,0.024017,0.002603,0.0,0.97,0.1,d2976ebd60fc89db5cf36b133c10512dcfffa08edcfc731338c7fc7814c2d0d4,True,Âm lượng nhỏ; nghe lại; Khoảng yên đầu/cuối ngắn; nghe lại; Khoảng yên đầu/cuối dài hơn khuyến nghị,
bon/bon_01.wav,bon,16000,1,PCM_16,1.704,0.01947,0.002942,0.0,0.55,0.144,537e2aaf889fd1d9fd9879a45ece795b212c87cc1e13a4e3e43fb07837a01f86,True,Âm lượng nhỏ; nghe lại; Khoảng yên đầu/cuối ngắn; nghe lại; Khoảng yên đầu/cuối dài hơn khuyến nghị,
bon/bon_02.wav,bon,16000,1,PCM_16,2.76,0.017456,0.002156,0.0,0.78,0.2,d6d4333c5c04f2047f505047538e8a5b1ef63b62aa249bb59d31dfff66e6f036,True,Âm lượng nhỏ; nghe lại; Khoảng yên đầu/cuối dài hơn khuyến nghị,
bon/bon_03.wav,bon,16000,1,PCM_16,1.656,0.029816,0.003447,0.0,0.72,0.146,b344a6bc75fa4f2f2053d81edae1e95de86bd9569c3057d45d9035504c2d6ceb,True,Âm lượng nhỏ; nghe lại; Khoảng yên đầu/cuối ngắn; nghe lại; Khoảng yên đầu/cuối dài hơn khuyến nghị,
bon/bon_04.wav,bon,16000,1,PCM_16,2.16,0.045532,0.00503,0.0,1.1,0.13,8223461ad31e2e5fa78b9e4b1e87ff43696df57a269d3b0fc577debc1680d815,True,Khoảng yên đầu/cuối ngắn; nghe lại; Khoảng yên đầu/cuối dài hơn khuyến nghị,
bon/bon_05.wav,bon,16000,1,PCM_16,2.04,0.024536,0.002932,0.0,0.71,0.12,db86907df5caf154e2983cb45134e2ef4df215920f6d7f567886ac498b63f641,True,Âm lượng nhỏ; nghe lại; Khoảng yên đầu/cuối ngắn; nghe lại; Khoảng yên đầu/cuối dài hơn khuyến nghị,
