path,bytes,sha256
data_split.csv,2312,e6d5d8deb3b662391c7a61dd0fe5cd414a858851626b6360d655856ae11b6968
dataset/ba/.gitkeep,0,e3b0c44298fc1c149afbf4c8996fb92427ae41e4649b934ca495991b7852b855
dataset/ba/ba(1).mp3,84480,760d54a571e7aca4984d14a6ecf6cf47e6664759fc1633461da1d5e1ebde2554
dataset/ba/ba(2).mp3,107520,e406db8d5087518263519d682510a3f8ea516492b078cb37dca5b94779eac4fb
dataset/ba/ba(3).mp3,116736,682abe75e9db3c5c41febc8280c1d6d1db5233ed65b7c3ac28034c5e2535ef0a
dataset/ba/ba(4).mp3,72960,3bf405a5bb08936604c31fcc5d6a61e7b1df0bc0251b4977aa08968d4f36e123
dataset/ba/ba.mp3,63744,8a8c5dc52944c651312b5772762ba1600a20fb2e68bc3b8377f31811e1241283
dataset/ba/ba_01.wav,63788,eda7320470a0950abf0b454166808bfa7578b4df33b7fca307e4f772a6bd0341
dataset/ba/ba_02.wav,84524,352634efbb7487eb5819883d4f10fe6ed81886e579821583859fa25dfba11a75
dataset/ba/ba_03.wav,107564,d4ac7a58f89ed1261ed4ea38348d66b90dd09913ed12cafd3efba5c07a40937f
dataset/ba/ba_04.wav,116780,3df7f8abe7d5d3a32639ff47f115f605d32da383798d5518203fe3e8a9253bcd
dataset/ba/ba_05.wav,73004,5b77a7ec1b94da61dd2e50a91954cd56cfce06895a41bb4619064653ca5d5dcb
dataset/bon/.gitkeep,0,e3b0c44298fc1c149afbf4c8996fb92427ae41e4649b934ca495991b7852b855
dataset/bon/bon(1).mp3,88320,df1d55b40863c90dd30895fac02bf5296c40a0397b666cd4ed45d98c60f8a31f
dataset/bon/bon(2).mp3,52992,07fcacbecabd5ce240bea0035807479c00bf0235f1057b29169e20e4c883928b
dataset/bon/bon(3).mp3,69120,e2bf6a20ac7215a0e6cd122f00eb78f198ba171042786d0f06607fe1a25fe466
dataset/bon/bon(4).mp3,65280,27e67497759890939a35875dac9d00ea8b2f64c51768d813cf81415fc3b86265
dataset/bon/bon.mp3,54528,2895f85bea5901b06a167434bc5720849f554d364d324dec21ee9419821f1d4b
dataset/bon/bon_01.wav,54572,3868479ebc4d92d9377c66c5a0127abf05299db0621e99207a5f65443afe5044
dataset/bon/bon_02.wav,88364,a8b7a78b09e1c276e080c7af46d257839677e842753fd6de5a2e4edaba402e89
dataset/bon/bon_03.wav,53036,510c8984622583c2f28b2fe5b4965ffa4c2077393b4cc9ac7002030b9f5dbc3c
dataset/bon/bon_04.wav,69164,dc55744b7d2b76c9370be51399371dbd3169050113120bdd97d6b523409d5f9d
dataset/bon/bon_05.wav,65324,e9eb030df9c55a6a4b104a6b89c2c52d375be332120eb018406de62418b3233a
dataset/hai/.gitkeep,0,e3b0c44298fc1c149afbf4c8996fb92427ae41e4649b934ca495991b7852b855
dataset/hai/hai(1).mp3,79872,213190e4b9cf39b1b6f77d9b58abcc7bd2a4b9de79eec40f483356c0a7bd9591
dataset/hai/hai(2).mp3,58368,ab75c4d1fd2d466ada93cb4fe6b0e3e8399357623bbb4b7bb1fc866840489f45
dataset/hai/hai(3).mp3,72192,aa08ed2e92913c7f0047b1ffe9e268c4bd964f24dd53d55cd178d4b20782e0b7
dataset/hai/hai(4).mp3,121344,31d5204499c28aca194d9332bb4345b0a699c0d6404d866827fc8aaf14223f7a
dataset/hai/hai.mp3,66816,c97e1190c24cf2072a375d1511e789c261b3d4b4267907f0fe6b29597755cd2f
dataset/hai/hai_01.wav,66860,3467ba7888637cabda089f5bcbe8e093a5e2af80815cb229694cc33dbc3c4b13
dataset/hai/hai_02.wav,79916,87ed21d964163b3eeeb54b960b408bf50e943764e753da7ea9293667e6d0fb05
dataset/hai/hai_03.wav,58412,98415991afa3b4b9bd3bdd23fe322d92095285ca28c9ff8d6a923d77536d25b7
dataset/hai/hai_04.wav,72236,736c26de2b5623268573d31d2c5665d2d22798a19ab9b3c0c64505a4b44dd4fb
dataset/hai/hai_05.wav,121388,7ea4ea0a39bb8584fc2496546059c80171d88e4ecd1cfd813531f525029e94f3
dataset/khong/.gitkeep,0,e3b0c44298fc1c149afbf4c8996fb92427ae41e4649b934ca495991b7852b855
dataset/khong/khong(1).mp3,118272,608a1e24187bbbbbc6c268bcf441aba678dcf0b92c3ac7a77fa0237da3432f64
dataset/khong/khong(2).mp3,60672,385f50e986a8c22fdd201de6ea8a4e7375ad0f3a99576565ea9a23118ca40c13
dataset/khong/khong(3).mp3,70656,6baefe872ec4753bdc200ed9bf1fdadebbcdcbb07c57ec296a08b84110e8e2c0
dataset/khong/khong(4).mp3,109824,caa528dd2aa6e2ee9d3a5c1ac4bdbfb43e4d8a85082b40e3c4a0dd386048f2cc
dataset/khong/khong.mp3,135936,55ed375a613e31783740689ee0cfd6e4c088e5046c09a47d383692684c4b3496
dataset/khong/khong_01.wav,135980,00d5edd0cfcc1fbe8afe174075eb43028167b6d3cfc28b7272511fbafd425697
dataset/khong/khong_02.wav,118316,6378f30a21dccb3b4da9326d79429a7b0ccf08afac807ae431964b9cb2e18eb8
dataset/khong/khong_03.wav,60716,2b16d9f39ab8887f64652e4a26a1302df5b195a459262eb07c0f89cdff4527c1
dataset/khong/khong_04.wav,70700,535ead7a19430c7d7ba424f532cf69a8c48a8ec302c7834ce3394509fc35b9f8
dataset/khong/khong_05.wav,109868,aa0ae3645e1cbd6c6f04fd36fed45072db92ab77778f3b606c19803f6a45220b
dataset/mot/.gitkeep,0,e3b0c44298fc1c149afbf4c8996fb92427ae41e4649b934ca495991b7852b855
dataset/mot/mot(1).mp3,69120,ab1ec9b6998a4a97ccc12a5423cd9e208aea93e26fb1da6a9b85b2400e1a6fda
dataset/mot/mot(2).mp3,66816,f8dbfcc65b5581e28b4765321e4f5155edaa8f50f1e904529b4ccf8201d5c788
dataset/mot/mot(3).mp3,88320,26b35f3d40db6a085e31d57141f9349dbae08da6f77ce7a6b76c9aa133854576
dataset/mot/mot(4).mp3,74496,cdf03d51f734895276e87c718b980a0017533562753ef33914a54dcdde929064
dataset/mot/mot.mp3,70656,64d7b77d781c1b26a368d077e92b69f19b2af468a3b391514939ff1a52e998c2
dataset/mot/mot_01.wav,70700,8da19f28c90516042cf4002c5580dcbbbd0e69eff1ac9f19e619a0064c5d0164
dataset/mot/mot_02.wav,69164,37ae83034be38c1384e40d0a4d0bf2fa1dd128b4096e1ec33d9f67dff1903743
dataset/mot/mot_03.wav,66860,414e4c97d682d2e4752486401dbe76ceb5cc0e09cef236c9d276ed71cd1885b4
dataset/mot/mot_04.wav,88364,e7fcf544fbb407772bf10f63b6aa9239fe17376ad2a8735f8acd25c2de7c20b8
dataset/mot/mot_05.wav,74540,ac03c87eda05048d10557b290e1d592421bbb74212ea14ff52269d627f65d4b4
dtw_config.json,1559,c2ad800c11becb92dfec93c0cd5793fdacdf509643ca32e46d52f05c7dd3debc
endpoint_config.json,308,0faf7577c5776f43ae7c7f89f625e1f3cbf1e9a782f50883cf92a265035ab822
experiments/phase9/no_trim_mfcc13/config.json,3205,e2caca66251b392f6a98247f317051c458048bc8d9c21a769750cd6572f164dc
experiments/phase9/no_trim_mfcc13/confusion_matrix.csv,112,bb32f1d6513ee263d5c08d897d418b22ecac3362dc9df7e120efbe13b04cbb13
experiments/phase9/no_trim_mfcc13/confusion_matrix_normalized.csv,162,f54409c294f881fdf9627ec0bc38d7cdf471c127f5e3ebc5adfd526123624966
experiments/phase9/no_trim_mfcc13/feature_summary.csv,2002,fe648a35af7c201a0b75e9985569192a94ca5f651367ad2ee04b7f230903d95e
experiments/phase9/no_trim_mfcc13/label_scores.csv,3892,cb6c7593107fb142253f07ffbff5a8639e52ef12fe57d45959d74f88cf16dafe
experiments/phase9/no_trim_mfcc13/metrics.json,2274,c52c5b15732e7eeb5e5dce886af09b08669f8811240a10d60b384c799977b39a
experiments/phase9/no_trim_mfcc13/per_label_metrics.csv,182,377888414d2bb26ca71141ace5e18df19c81e5f5bb705457af49b33c3079cbff
experiments/phase9/no_trim_mfcc13/results.csv,2602,d6cc87d4300bfd81797d75bc16f3aa4ab8cee3828c9ce79291857cdc3ac92c65
experiments/phase9/no_trim_mfcc13/template_scores.csv,11549,10d1bb6a673e332f7eab5df3570ff6a673c6d8af487bd64e4b935a46ae8f42db
experiments/phase9/path_E1_ba_no_trim_mfcc13_ba_02.csv,13194,c0f596035db3c6d0c13bb8a2c6ee06323aab227beb8296bf9c46da160f326a55
experiments/phase9/path_E1_ba_no_trim_mfcc13_mot_03.csv,12494,16b880aeb731357efad1107430b3ad4c024be4f33c3cce6e9a8fc4920f86a24d
experiments/phase9/path_E1_ba_trim_mfcc13_ba_02.csv,4307,fe825b5579f4f96d705856c08b00dd927a673456fddb50adc6a7bbfc1b003ea6
experiments/phase9/path_E1_ba_trim_mfcc13_mot_03.csv,2739,a94fe7431a772344385ec38b7dd5dfc27df18278b8437578fc45f5219821eaed
experiments/phase9/path_E1_khong_no_trim_mfcc13_hai_02.csv,13281,53609d4812d4dbe4cca02b77b6e8b27fc44e98b0576d4d4b6c36456fbbd1107b
experiments/phase9/path_E1_khong_no_trim_mfcc13_khong_02.csv,20233,0976e913c978324873126686a3435bade8e1a640f86b7b13222659c5febcddfa
experiments/phase9/path_E1_khong_trim_mfcc13_hai_02.csv,3051,73eb1a0e354684a2e39b77d0e1ff841c3b67ea1bdbd11448dd815b89001dc675
experiments/phase9/path_E1_khong_trim_mfcc13_khong_02.csv,4104,1ad7f55cdc9b5fc8ebc269d43e7a2baa886209c45937fc1565cd6a513b3eeaa6
experiments/phase9/path_E2_khong_trim_mfcc13_hai_02.csv,3051,73eb1a0e354684a2e39b77d0e1ff841c3b67ea1bdbd11448dd815b89001dc675
experiments/phase9/path_E2_khong_trim_mfcc13_khong_02.csv,4104,1ad7f55cdc9b5fc8ebc269d43e7a2baa886209c45937fc1565cd6a513b3eeaa6
experiments/phase9/path_E2_khong_trim_mfcc_delta26_hai_02.csv,3055,3e3f06623e996761b60c5624cb1291d6dfe66df26933588a54930dc5738d5037
experiments/phase9/path_E2_khong_trim_mfcc_delta26_khong_02.csv,4106,72ee9d9d8510187d29af2a84227b5e1c7a5ebae9d4d46f46fe701c54726142ac
experiments/phase9/trim_mfcc13/config.json,3200,ebe566af4e80262eaddb795e90d04820bf4806490953c0114b4b46dbc03ead1c
experiments/phase9/trim_mfcc13/confusion_matrix.csv,112,755c35de1f57e9600519960d0a40439fe3f1cbc35eee7aa04938d31636bef6d5
experiments/phase9/trim_mfcc13/confusion_matrix_normalized.csv,162,e91acb2922a9319c8a0e2262c2b6eedac446ec3e868650d2072a3b01c218a6db
experiments/phase9/trim_mfcc13/feature_summary.csv,2822,35beddc953701302577a162d7e96e664a70ec72b0b377f074c67ea7b2361c07f
experiments/phase9/trim_mfcc13/label_scores.csv,3825,6e2d3e764a8944a6e7e2923a67004e30a4da562d7176bcdc7e21e1171f64639b
experiments/phase9/trim_mfcc13/metrics.json,2240,15d98c3e477f6f42350f9e120d9892145bc00e014fdd954c65a254781e6b0c37
experiments/phase9/trim_mfcc13/per_label_metrics.csv,167,7eb234fa8c9f3ddb2358101ccce6d121e1408b4d285886f360d4fc8f8dee6be1
experiments/phase9/trim_mfcc13/results.csv,2561,eff117b7bd55911ffba5a636e6177bc19cf4fd669bb231b188af6459df60fbbb
experiments/phase9/trim_mfcc13/template_scores.csv,11361,83864585bc2d11cd800241c079e432236d64552dd57ee1e6fee4a209f9fa1487
experiments/phase9/trim_mfcc_delta26/config.json,3454,148dafe1ec2587ca04feb073b96c00595620918e77b116c22b8a684503be5047
experiments/phase9/trim_mfcc_delta26/confusion_matrix.csv,112,755c35de1f57e9600519960d0a40439fe3f1cbc35eee7aa04938d31636bef6d5
experiments/phase9/trim_mfcc_delta26/confusion_matrix_normalized.csv,162,e91acb2922a9319c8a0e2262c2b6eedac446ec3e868650d2072a3b01c218a6db
experiments/phase9/trim_mfcc_delta26/feature_summary.csv,2972,5c71132a4f95a8c311bbc442002be2d1c56ab4710727164ba674a6c781dc40f3
experiments/phase9/trim_mfcc_delta26/label_scores.csv,3816,5baa45c247bd6c408f9315e733fabcf75baac83375d50b16e858954eebb9320b
experiments/phase9/trim_mfcc_delta26/metrics.json,2496,4a9646da1b596fba94da2362726ab95445b4875227b26c6dd0e1c45b446cb3ba
experiments/phase9/trim_mfcc_delta26/per_label_metrics.csv,167,7eb234fa8c9f3ddb2358101ccce6d121e1408b4d285886f360d4fc8f8dee6be1
experiments/phase9/trim_mfcc_delta26/results.csv,2627,d872328c1924c3390a772cecedf4ad29c45d95064293c03d1a74ca453f0aa762
experiments/phase9/trim_mfcc_delta26/template_scores.csv,11362,9f32b15c571afccd57f993f90474f501d441dd5268b0cbf777dba18908208cca
features/dtw/different_word.npz,75860,99e368d16aa4d5e291afaaafab5a598727bb3e595fa388c5e38f9bfc1cda5319
features/dtw/same_word.npz,108460,669ab815035f5b17c4fa6659a3688f247bf4743e96397f90ccc5038c5d501787
features/errors/khong_04_predicted.npz,43456,36457442294b1d31747ff827d9298990358fbe69c2f6cba90bfeb834c06e9950
features/errors/khong_04_true_label.npz,57637,28b5474d42533383a542fd8935099da38dd818749a4462a9867501ca44e9864c
features/errors/khong_05_predicted.npz,69866,9ffcda17809ce250de44f63fa8a678ca77cf3d0c59150ead9de22dd7dfaf9dbc
features/errors/khong_05_true_label.npz,93322,8393ce35e0abe4a13d30d0e498fd7012e3c8be6f10cecc49a460b0e2996c9842
features/experiment_paths/E1_ba_no_trim_mfcc13_ba_02.npz,686917,682f6354397e29c3088cfe2e4c207430501b2d4315f918ad1a78ea6ec48bff66
features/experiment_paths/E1_ba_no_trim_mfcc13_mot_03.npz,527160,739956fb5147405063f890688a8a9ea27702926366bbd93259e23a6c9bf43678
features/experiment_paths/E1_ba_trim_mfcc13_ba_02.npz,77987,44f80919e0b8f98319a32297641683d9cd7c6c6a4b184ff82b3225c1c7ab6334
features/experiment_paths/E1_ba_trim_mfcc13_mot_03.npz,38914,9addb95421f44d3a072f103445f52ba61094d27240eb226f2978b6b2e488fa1d
features/experiment_paths/E1_khong_no_trim_mfcc13_hai_02.npz,623412,4adb876dd1849a9665444d20f58cd8bdaaefb9a16960ced98d130f50f1a17c84
features/experiment_paths/E1_khong_no_trim_mfcc13_khong_02.npz,970130,fd3df09f11a275b4c5f0c29c770d908aa721e6721be5f6e0d3072f3619cbe958
features/experiment_paths/E1_khong_trim_mfcc13_hai_02.npz,43303,37fe0484182c318db16043ea9cd4ec0bc77563ff5d5e60f104a6cb282f0ab0f9
features/experiment_paths/E1_khong_trim_mfcc13_khong_02.npz,57484,00a7ebada070af4c9a4592ecbd721a4e6989aefb509f003630d4b1cc80d7948f
features/experiment_paths/E2_khong_trim_mfcc13_hai_02.npz,43303,37fe0484182c318db16043ea9cd4ec0bc77563ff5d5e60f104a6cb282f0ab0f9
features/experiment_paths/E2_khong_trim_mfcc13_khong_02.npz,57484,00a7ebada070af4c9a4592ecbd721a4e6989aefb509f003630d4b1cc80d7948f
features/experiment_paths/E2_khong_trim_mfcc_delta26_hai_02.npz,43450,4e85f3cd57182810d3c831bbe6be1bb530916882705568c17dff33de78f139ba
features/experiment_paths/E2_khong_trim_mfcc_delta26_khong_02.npz,57583,a7b9020aeceafe73dcf8ca4cfac693f35da7915e6e694c2ecf06c7235e1b2451
features/experiments/no_trim_mfcc13/ba/ba_01.npz,37905,15ad515c3338b919be5d05f29209848c5024a1cee646742e86fbf8af7a952405
features/experiments/no_trim_mfcc13/ba/ba_02.npz,51138,593cb06e250adcf179530f9e53452ea0f5e28ab82e6b2e52b84f14c651f6e1cf
features/experiments/no_trim_mfcc13/ba/ba_03.npz,65411,e090e7b5e28813948dea713e15098259d60a9356774f7b36efe36e43e7e37dbb
features/experiments/no_trim_mfcc13/ba/ba_04.npz,71814,9591892eda6dd8fb3e7a1d4b3e6601711fc2f38ce74b94ab0d2c401725e88464
features/experiments/no_trim_mfcc13/ba/ba_05.npz,43752,4d309948ac5cfc89ab7bd6486b57a6f3ccef51c6bd0196a62f02c66bbfafa684
features/experiments/no_trim_mfcc13/bon/bon_01.npz,31726,32bac26972b5071d9e2a8f7dfc20316a3614579c99369a08fec554805762f154
features/experiments/no_trim_mfcc13/bon/bon_02.npz,53457,b0a77990fd5df8efa5ebbd3cb0216d703c86658bae7cd48b0a8ac18fe214bf72
features/experiments/no_trim_mfcc13/bon/bon_03.npz,30885,edc72863c4c0cceb26f982e71dc5bcd4fcba1467149ab3bc846c9deadb681ad5
features/experiments/no_trim_mfcc13/bon/bon_04.npz,41178,9337515763bb7b255e95e29ff77172642a82f7f85b663d123366f6beb976a455
features/experiments/no_trim_mfcc13/bon/bon_05.npz,38720,423db3b55f8dee186347665546651ef9129d723d251f929149464d05c78a9a6d
features/experiments/no_trim_mfcc13/hai/hai_01.npz,39961,d9b7c5dd3d37fbec07c1f240e02319f01801006a4f41179a7be9a1a08bc2a46b
features/experiments/no_trim_mfcc13/hai/hai_02.npz,48212,46b40456060434d0302e6f4f2996b2a6b80968aa6062a0e391450ce47b58f23c
features/experiments/no_trim_mfcc13/hai/hai_03.npz,34277,c07cf3c7d19f0d8236fad8052bf74d486fef499fe9fb2dacfa023b8d425978a8
features/experiments/no_trim_mfcc13/hai/hai_04.npz,43407,75b6ca0d01fd503d649fca422c22269e08f0d52a5b1848dfd11632fab3ee570b
features/experiments/no_trim_mfcc13/hai/hai_05.npz,74262,896dc136d504ae29d0c6e0c93b9c079aa2d0441c6d6d3b9dd9d69924f1117a20
features/experiments/no_trim_mfcc13/khong/khong_01.npz,84148,914eed8f63cfabca6f3b3708db5513f01597cf5ac7c16277117ea3f950e38a6f
features/experiments/no_trim_mfcc13/khong/khong_02.npz,73063,5464b25705441ac66508d055842ae29f9a48d8c2368821ef41318554cb1a979d
features/experiments/no_trim_mfcc13/khong/khong_03.npz,36439,88066b3cf024ad1656b44e2bc6bfe6ba5d3e2ed787110093a0d4829f1bd28599
features/experiments/no_trim_mfcc13/khong/khong_04.npz,42240,8124f893cd91e718c4c0293c09f6645f9d9e333c3be708361abf3fc8f194d631
features/experiments/no_trim_mfcc13/khong/khong_05.npz,56248,66fc1fe6999963dfe4b90adba37f90546d1ba18fedb81ef52dfe97074daa2f04
features/experiments/no_trim_mfcc13/mot/mot_01.npz,42452,e947e966d37a8626f0775174273060ebb1fed095924b91c1ab81ae76773168dd
features/experiments/no_trim_mfcc13/mot/mot_02.npz,41265,2facb9215b0246e974cd943462b3dd106e5c589cb6be4dfa6df1a77029f63f88
features/experiments/no_trim_mfcc13/mot/mot_03.npz,40047,114a5892d6ecddd7ef640581918f1ec7e481d13e23bbf94cc99c6b8ece909f17
features/experiments/no_trim_mfcc13/mot/mot_04.npz,53761,fa80ea3234f9f4331e78cecf2bf88288b9777fb68ccf2156d80bec827116502c
features/experiments/no_trim_mfcc13/mot/mot_05.npz,44712,17aa8f3fc77e8da0b1b35b45ac3c971fb9305c7cbdfab4ec81f642dfa27a130a
features/experiments/trim_mfcc13/ba/ba_01.npz,22144,c52ecf773e0b8becda5b59202daae1ebbc74c69e8300752485a42742cd434eaa
features/experiments/trim_mfcc13/ba/ba_02.npz,22355,31cc0029a48007b729f1259df9a481f1a5eb7328b11d0bcf2bc12061841dc314
features/experiments/trim_mfcc13/ba/ba_03.npz,18100,9ed7516386226fb47b08fdd1160fd23378df90fe408b349bacf424732305a536
features/experiments/trim_mfcc13/ba/ba_04.npz,39596,8779e6d30f882b5b1498595f2b2b924e71e9a686ed06a25a4fe79206c153f2b6
features/experiments/trim_mfcc13/ba/ba_05.npz,14547,cb829c8db39c43c4f419a9a05a8352b833ca1e615fa23f7137b2987144e2d304
features/experiments/trim_mfcc13/bon/bon_01.npz,15600,a7f1df00f4536336a6cc3713e1b9dddda6b80bb38b4c8d5dcc80f3967dea5e63
features/experiments/trim_mfcc13/bon/bon_02.npz,29935,66e5f3a75e659b80b28f2ab70a402fde60c849f2e9a774f2b06e3c54406d2d26
features/experiments/trim_mfcc13/bon/bon_03.npz,12692,f9a15ead2f8bd8bdf36e0fe2fe9a5869641c23631a4fa5605e468f86620ec8e6
features/experiments/trim_mfcc13/bon/bon_04.npz,15184,f26c31ef9c45eb3d0cb1e2f7ba11662c56cbe654ef1c31301f3972945d1e361d
features/experiments/trim_mfcc13/bon/bon_05.npz,14126,a2ba1573b3f54d8cb6672218968d7e0c9a9f7e24ffd9e15ac494af8f3b787c9b
features/experiments/trim_mfcc13/hai/hai_01.npz,19111,137e54f63583b4c3e561b75c625276f5b41795c253fb9f4d71575eceb11bf561
features/experiments/trim_mfcc13/hai/hai_02.npz,16831,9262a3fa93affc5a2f74f2e65a22344c09a0e36602f6e4d6d345ef4899ee2859
features/experiments/trim_mfcc13/hai/hai_03.npz,12901,bb7e7d582aad85b05733fac82b55669851946eb5d49e1364ee09dafe4ee8aa5c
features/experiments/trim_mfcc13/hai/hai_04.npz,17061,adb81c520926a5d0d4a93dcd3a8e1e2780ec4f10f20d25a22850a898d9fb5ca0
features/experiments/trim_mfcc13/hai/hai_05.npz,16014,ebd312710f8fc6cacd44146667dac892278334975f342fc97f22b201d8892300
features/experiments/trim_mfcc13/khong/khong_01.npz,19944,806da43e31cbd39bd0bdbf0c2454acca3afb60e43f9905fa88115601fee63b41
features/experiments/trim_mfcc13/khong/khong_02.npz,21568,534189843c228e93939ff74f242b8480b37e0721c717b47fd16a1cd91b8392d5
features/experiments/trim_mfcc13/khong/khong_03.npz,20352,24182e6cacac7d0ece6baf9a390042a859b6dca45764669d34ee1d78b957e9e2
features/experiments/trim_mfcc13/khong/khong_04.npz,11866,8c599b53b3b73ec71e1a278f14164bd9a6e048a5382bf624434957c99c2f622f
features/experiments/trim_mfcc13/khong/khong_05.npz,17459,500f516fd3292a231559b0f33d8320dbb97362cc3afd0d01b39590a5f519c5e3
features/experiments/trim_mfcc13/mot/mot_01.npz,16018,3d934e099bedc532fd6626f50c06e96bde9b83bba593321d4595d8e75e5cd3aa
features/experiments/trim_mfcc13/mot/mot_02.npz,21553,43aeff9b7afd02e347ceea6040f111cdd4d09382b6e8b51775158e9ceb44c974
features/experiments/trim_mfcc13/mot/mot_03.npz,12481,505e1552c7a5b3d0fd6e88bb76ea70260d2ee0d82039c894475306a1dfbd9c04
features/experiments/trim_mfcc13/mot/mot_04.npz,18499,b9871835469547cbf90637fac88dc027ef6bcd69b9d5dd5eea60f426231a4545
features/experiments/trim_mfcc13/mot/mot_05.npz,12896,d48f271bae4ccc3159dbbf9bc6b2cf71f4e92e5459d1ab5110c4bd903f234356
features/experiments/trim_mfcc_delta26/ba/ba_01.npz,40513,8b83bb469cc24e57c5f3278420b332fb0337ed1e3217b0718b2db09e77d02228
features/experiments/trim_mfcc_delta26/ba/ba_02.npz,40899,a53b5a8a51cf380d3204ffd4dc1463fa62371771530307900849fa5beeb39fdc
features/experiments/trim_mfcc_delta26/ba/ba_03.npz,32439,94a4e0da8327e51a15e7ba77517b204b760c06b879fe6eb33fa59db819ac2773
features/experiments/trim_mfcc_delta26/ba/ba_04.npz,74887,ee1983084a68b30e0246d08cd9bf6ee76c306f9cfe24205c0b8e906307179e13
features/experiments/trim_mfcc_delta26/ba/ba_05.npz,25489,5a51c906344d579d911c3b19554924a6dcc0c69e2b5d42e2a315ca6704ae9a19
features/experiments/trim_mfcc_delta26/bon/bon_01.npz,27544,527840a718a5cfd3249a0758d1fcc2e726c9bfd28e1df03f527640d1a1190dc7
features/experiments/trim_mfcc_delta26/bon/bon_02.npz,55855,965153d2bf9a1e2a87b0cc7c727559f4e4fcecf6fe8af5fd798caa9cd0cc4816
features/experiments/trim_mfcc_delta26/bon/bon_03.npz,21854,72913202d814b1efda6b4bd5df1ed7025001e2f85caffc94b0619eaeaeb801b3
features/experiments/trim_mfcc_delta26/bon/bon_04.npz,26722,322b8ad7fae5d2aafed173af475cd8feb9f81ad68b6e9b1e08af8040d2485cf0
features/experiments/trim_mfcc_delta26/bon/bon_05.npz,24682,e5dd380dd2193ae8e97430b7bd011e2fbe0e94a892bd0d4493b360c5cd672ac7
features/experiments/trim_mfcc_delta26/hai/hai_01.npz,34450,13a293d880fc1ecba6c01000edbb29bf8ea8f3e797269910ed215ba06a47f7f5
features/experiments/trim_mfcc_delta26/hai/hai_02.npz,29977,b7e22e6d0b4abbbc8ff985aff0906ff50cb91707b9e2ac938dacca621ad6e5a8
features/experiments/trim_mfcc_delta26/hai/hai_03.npz,22271,ef73c5c8a96325eef4c2044812b55700d14f50761b31a122f0c9ac8b827e0dbe
features/experiments/trim_mfcc_delta26/hai/hai_04.npz,30416,81fba4b4b3336dc83b8d399e6f266602b5ba0188af03d4d868c977c95f9a5a69
features/experiments/trim_mfcc_delta26/hai/hai_05.npz,28361,fe966b8dd34c0d1a8e36ef0b3727b89c66a96e55679f7b267c2c76c0191f29b3
features/experiments/trim_mfcc_delta26/khong/khong_01.npz,36123,462fcd44650ba02c58803c45e6d1f4bdb77574436d431fed002a9a65741865e7
features/experiments/trim_mfcc_delta26/khong/khong_02.npz,39352,a8a3979b035c57d3f2c84c0e18a1255e5fbaf79c937909b99a6be3995391e4fe
features/experiments/trim_mfcc_delta26/khong/khong_03.npz,37129,ff4a41f963be73c2ee0bf28ea2f248b3567eccc542da93a3945c287e4e844094
features/experiments/trim_mfcc_delta26/khong/khong_04.npz,20224,c1d621cf21966760203cd9b0879d694a5445e08058ed4618ae8320ff5e396283
features/experiments/trim_mfcc_delta26/khong/khong_05.npz,31205,33ea3e030e7b42f2c0781886375d5b79ba7ef7c76c833fbe55266ee05ae2b15f
features/experiments/trim_mfcc_delta26/mot/mot_01.npz,28355,5e4dd7591c299d7dd22021b0178aa4e6216c7de33732fecac5bba4e5f6852c23
features/experiments/trim_mfcc_delta26/mot/mot_02.npz,39333,65b7343e26d37c6f3baa688bab8690806cb7dc97eb9c67da46d664f0227eff7c
features/experiments/trim_mfcc_delta26/mot/mot_03.npz,21446,968e51e379b18829697edf033ecfe7b50e18dc4fab7f4d97e16f37916afc389b
features/experiments/trim_mfcc_delta26/mot/mot_04.npz,33229,98680dfbba2ad4199d70132dba580f95aa598fb95c312b962e8bb00148e45927
features/experiments/trim_mfcc_delta26/mot/mot_05.npz,22260,883b6cbdd58c19009992831453819fb05c016ed6ed6887ff69cfc9a7ad1afcb9
features/mfcc/ba/ba_01.npz,37267,68fbfc9ce3dbf04e75f455e63b5237ca496904ecf6488861e3e7a69e02ce1999
features/mfcc/ba/ba_02.npz,37622,9711b8e3809ad1b0d3607cd801bca595debfca3d63ec21e0fc36db2274560a6b
features/mfcc/ba/ba_03.npz,29619,a0454d3c1536ba83e9235b8bad3bc8b62b1bed0c5159f22c135119450830a664
features/mfcc/ba/ba_04.npz,70014,1b03e69840131c105f33e211f2528de56d5ba50c7a16d7acd0c4b286c579f37d
features/mfcc/ba/ba_05.npz,22999,fcafc48e4f36ba423feefd94efb93950d14071e8522e4de6fb31e20f7694d44b
features/mfcc/bon/bon_01.npz,24907,0670c9774955f3165e236dd1ff95f70826c0c49e3a85992768034bf9c033f01a
features/mfcc/bon/bon_02.npz,51773,8bd5e02a4968f3c1751e5dd75a927b45e5b3f494c38d0699b93a41c1aadb9e02
features/mfcc/bon/bon_03.npz,19510,3fd32377e9ab899e32233be32a9fea7ee080dda51507a9f7ae371de2e2419810
features/mfcc/bon/bon_04.npz,24135,8123e31bdeb4406fa627926dfa9066f75bcc4858e2c1561f3b37a7992c7af32a
features/mfcc/bon/bon_05.npz,22151,f5f85c2f5981f90fb481cceecf04a641ceabb9dd97a0767b4257327a95764e93
features/mfcc/hai/hai_01.npz,31519,18c50be101b716f3caf8ec9fa223c0e5fd9de5f388ffe472b9080b15c188c21f
features/mfcc/hai/hai_02.npz,27259,d6e1b481478a8c0865818694e5b11edd7bdc3b85d8b10d25a31300532d577484
features/mfcc/hai/hai_03.npz,19933,4cfa678eaff84f35c317dd08ff5686b0c78de3f6f911c7f6733d688760988ed2
features/mfcc/hai/hai_04.npz,27671,de6e0c6f1491beb4ad92520dfc9c031ccd7fd06c00c17a5727bcc3e3b32e45d3
features/mfcc/hai/hai_05.npz,25740,5d2ce65603992caba3e7b738e066af377d9ba557bb4cc923e202b078859dc9ab
features/mfcc/khong/khong_01.npz,33114,b30f66f324d272da3e6573db2390bdb1fbea06c522dff33c267a66313a5b733f
features/mfcc/khong/khong_02.npz,36054,2ed702b6760224fe041e29214f557505bdeb976cb613dbd59212815614b9cb97
features/mfcc/khong/khong_03.npz,33544,f7910889f059646a4448bf7fc68c9e7969b9dedd596bb3921b3de4289ec690fe
features/mfcc/khong/khong_04.npz,18014,c8b364092f4720e575f944e70a1777d063b1e01cdcfeb78ffb8ba1deba1d8fd1
features/mfcc/khong/khong_05.npz,28411,876796defd3ed87bf4af83ff4c038765baa67e224e0a44f972ce784d4d864061
features/mfcc/mot/mot_01.npz,25744,6e7eb7691fe61d039f560f9e2bb2a743de085e2af641942dcad87714ac461adf
features/mfcc/mot/mot_02.npz,36092,06601304867f13619f7831750f00d306877eed668e3ca7e5a47b2e9978e1cf81
features/mfcc/mot/mot_03.npz,19142,46c2bcde5e35ec3ae6e61c0f505127d66befb2f87d5f02b83041e08ec2ae0fe1
features/mfcc/mot/mot_04.npz,30357,fc275f54f20cf738a8c41ef037c831054db9ab74befc2c87fa0ea2f912f018ba
features/mfcc/mot/mot_05.npz,19917,e9d3b564336aa5d8a07b583bab0cd7d14dc93fff1e99ccd3a8f2302dd3221073
figures/phase2_waveforms.png,395142,133baa6eef51a4d374c97b13a2ed81c18d86e70bc2b46364a4d517e36a4a5837
figures/phase3_autocorrelation.png,301646,d54a8faad64756d4d945cb63b8e2928122b85d31ebab06834804b38b0df298cb
figures/phase3_time_features_ba.png,232318,8189e30b7d5011b3a138084069314964fc81925bf62627f3d8ad68ade5ae6635
figures/phase3_time_features_bon.png,213874,de61b8c60ec4fb02c0565748fe0f1aeb203f16646cfa48e14e22ed1cb32ed5ef
figures/phase3_time_features_hai.png,241561,fc8524db2bdc1375466f65445135202f146c27fb05c83e819e412fcd3aeef0f8
figures/phase3_time_features_khong.png,234854,00509e7a77f60f90a5103265a329add75de351f092ec312bc9a543bf695c6490
figures/phase3_time_features_mot.png,207858,008dd606d0aebf4ddee06d48cd0ddc77438ed2bffb2eb53c704f65eb72f9afe4
figures/phase4_duration_comparison.png,103480,576338017f6286cc70f8b1537cb5e09a694b8d44faa20dd2326c1e2b8220542e
figures/phase4_endpoint_ba.png,249307,d643fb87da8974aeffa484b42ad8400f92e2176c991107a7b9387c88b9427623
figures/phase4_endpoint_bon.png,274507,992417e246d2edbd514eaf06150263c4db46bb45d04748b5f46e3adcd9de825f
figures/phase4_endpoint_hai.png,306241,939f6813a6c6b66e9fe691d876fa3c159dc8a0cbf04b85e1cff5b4bab8020fa4
figures/phase4_endpoint_khong.png,260982,5bf52165861c054f643d92d99ebd55594adcc478cc0d2cc19771a7cd50079111
figures/phase4_endpoint_mot.png,281989,7f6a89445c8d6dbe77c1a04953818bd63b8fb0eed9827b90fb3e96e7b9bc4f8f
figures/phase4_weak_onset_margin.png,146175,a90e54fe41745f193c8dc78e5e53cd6981ce2c03fe4b1f89af43ca92c37ee195
figures/phase5_cmn_comparison.png,103604,eae550b7ee5eae6d7a93985eb44c21972321bd6bdc24af8624da426d5cf9e9c9
figures/phase5_mel_filterbank.png,237120,89993731b5430329233c040246f179e921dbb97b59f73956f4d5eccb0ecbe180
figures/phase5_mfcc_ba.png,59891,fe351688cb0799b8d0d73113356026807be73c33c09be6b9c969e0cfea215cd7
figures/phase5_mfcc_bon.png,60292,b5d1a982d89227868ae7f6effd2876c913d98020ae6e32634a8c4f71546d90b4
figures/phase5_mfcc_hai.png,60705,6bbe1b85b20da14143d5aac0a105054e0f77fd28a89d929827a22119dc80343f
figures/phase5_mfcc_khong.png,61805,4d1b39ed7cc9b1522fc469a9bedad768cebc1fc0905de7f997c7cd694ef89c05
figures/phase5_mfcc_mot.png,59871,af87b9400e50d8bd69c938b415d25f4122a3ad7d246b278a2ed853e3ea07616b
figures/phase6_dtw_different_word.png,192527,69db8db6df3f6490d3a6da51a035012f68a3e30e433f0b3029e9e0e06325ab45
figures/phase6_dtw_same_word.png,204404,8da41f2b1afc305a834a524cd5ae1a80ac414a3dfadc3ded11e0951a975dc077
figures/phase6_training_distance_distribution.png,54822,75d702eae05cc50b3d87365077b75f0d07c2067be6de2178b152d4cd73d2507a
figures/phase7_label_scores.png,164981,c8bc1796313ded21933c5a2f5ed04d3115b3a1e60dbdaeab4a5d06689335f834
figures/phase8_confusion_matrix.png,121064,c5f2626acd94540c0f6382e411af419978b1d186972a73fe4a9e7fcb5e6eae56
figures/phase8_error_khong_04_dtw.png,299974,134d7ccc5a45e7fbf69160385ebdc53ce8185d8aba12046fee22440a46554b08
figures/phase8_error_khong_04_mfcc.png,120721,590f23c3ee76c5ff131eaf891f009263b96e921731f6ca0f7997a213ebdb3031
figures/phase8_error_khong_04_waveforms.png,261624,ac9608641d6ea6a70c01fde3e82032057ac8b135baff14ae9b4bc590ad5fce3c
figures/phase8_error_khong_05_dtw.png,326040,372bfec3e841c98ae67161ff1366d13a673feb7e86df42ae1e3926f5bcf0be39
figures/phase8_error_khong_05_mfcc.png,122401,42a7a053e63ccd7b00d45d584d1d824ede34810d70dab942d6aed5de994ed9f9
figures/phase8_error_khong_05_waveforms.png,274024,96204c3bbd7e130b6c9b5befb8db26519ecb7209333a8c1a246ceb36b12118ac
figures/phase9_accuracy_comparison.png,58808,872888fed2058e9e064bb3d313cec24c0267e91f63636ba914fa96b5a8e5cd70
figures/phase9_confusion_matrices.png,146873,c544095ec93a6dcf42cc80149d3a1959c7e219d82fd28eda2271397038cd49c2
figures/phase9_delta_example.png,208805,d6bfb51758510a46862753ef4d0bdeb3a55d94cdfc54f81a12d5767f8f657b8a
figures/phase9_E1_ba_paths.png,735202,fb9d4e539d6272791617ca032d6a203902ba7fcbee99dbb2b827e9f23851a02d
figures/phase9_E1_khong_paths.png,733366,4027837c5bbad59a34852ca13baaab06193fca5dbc0e1be4d9e9ee025e8a0fb9
figures/phase9_E2_khong_paths.png,296967,a889ae0cc9404b2f10a16ddd698d67ce79ec7650b8a0898465c0e91802a895ea
Lab 2.pdf,949631,c21ed0e8370b7e082da6f0abae54dbd354c2410827aa4b82b114c9717973e6a0
Lab2_2351260682.ipynb,9621277,3dfd8cc7a29a8ade54ebccb362cae68cc5a7ac0a739d8073e8ac11ebcff64fe2
lab2_data.py,9914,efcd5b820fbcf0e5d3d4dae23b50843d919de9789c3cda6dd9fe9c5736baa539
lab2_dtw.py,3949,f31454fdd7a2e095354f540cdd76ef43a7d8e2017cad10cf7f61b8cb92c9fe17
lab2_endpoint.py,4881,902f12a2c0dd5e2d8a6c8b67b562ee91d4633d4aedd148b0772337035e8d6b0a
lab2_evaluation.py,9588,1a640e152285fd17b3f7ad76a5c890c9f7e469a90ad4b41391da9eaa17ca9234
lab2_experiments.py,17957,3d2d69f2a961af46fcedd8fa102cc9ffd203fe7e65943cbd8f7856315c2060b7
lab2_mfcc.py,3292,f0d5ddf78f5ae728790f9e410e0c9d7f3a2730b917fadac1546e62726418491c
lab2_recognizer.py,9157,2831811f26d2f187ba9f3eb6eac071f7763906acdc5865f11d3a28f227f94f1b
Lab2_Report.md,19178,543c3debe2559d14472bcc9d310e2515b567f61d43d6a4b526dccc62c4db7d9d
lab2_report.py,20034,9031c3df6f317b75fb34e3f1f89aa1d7beaf934d6c381af77b4f5edad75d2b16
lab2_submission_check.py,6515,97b78b737cef0f69a22c1f28989d0fe8911544b172f283af4429c46bf574d032
lab2_time_features.py,5151,31203b79b97be369beaf8d0d30288701a4f58a2528b1b45da46a1e6e3796b14d
mfcc_config.json,1012,195ac6051dddf02663636bd4dd26e6d84a2f181645f90599b325b401e4d7ab3e
outputs/audio_conversion.csv,4672,f35528b20a6ab32249d7b34f640862d481efd7beadf2b1e99f12031841e3c0d0
outputs/dataset_audit.csv,6695,3a1857e588c46d0bf3338b38e731165eff19c290f82dcbb0baecb8ceed99c1b6
outputs/phase10_test_results.txt,2222,c670df5c139e645f33cf554dc7815fde17c2924ea7f3b40369a28936a706cea7
outputs/phase3_frame_examples.csv,1512,c53461eb34cf51431a50e55c7b47697d7f7fba70e16b3a13ca4ef7e8e2555647
outputs/phase3_frame_features.csv,806401,9e29cb21d1880d22cc5418f929b5121d7d55e9bec0ad1cb6fbb765f569e914cb
outputs/phase3_summary.csv,2741,17e17fe8b0bfb5c5e4c47d4777c6a1be2023127a8d97b1847443eae4197d5387
outputs/phase4_margin_comparison.csv,306,92c76b34f993d6accc684dafab2f34a57602acc5800643bbb60f84a8c862249b
outputs/phase4_trim_results.csv,7023,8b76d7dec130effd4ebb163e1b55d4e00773f28d8f4184a83e73ab3b0809fb4c
outputs/phase5_mfcc_summary.csv,4334,a0d34fe239fb93cd8ff42e8ffa9571f2e1256b9965fc8f8d16df2aa1b7f4acf2
outputs/phase6_dtw_comparison.csv,400,a150e8ba643a7179e3c17296ef09f1d7f5fada8313c075894a9d291b4a78b651
outputs/phase6_identity_checks.csv,703,f4468b81a4ccd5b90adb82a909c7f5feb13b2bd5d844c0ed763e8ee0520462b5
outputs/phase6_path_different_word.csv,2294,9f4aa1ec678a82c35fca44d2667de8cf7c441d4bad12fe806fae7ba8bad355e4
outputs/phase6_path_same_word.csv,2669,727332edec3c0a46040ae776c43a441fe6de705fd362378a627b8158526b0332
outputs/phase6_training_pairs.csv,8146,778c85e9377b3357a758341b4b2c8add391abb962cfbc3c30fb4b859c029f44d
outputs/phase7_label_scores.csv,3825,6e2d3e764a8944a6e7e2923a67004e30a4da562d7176bcdc7e21e1171f64639b
outputs/phase7_predictions.csv,2474,b9c37bf4428fbb7dc3d579bd7c3d20fd64b717f0de7120ee31971a86f898f4c5
outputs/phase7_recognition_details.json,51857,840aadcb5e4beb2683e6428e9f85c7646ca88432f7bdd0deeee6c5aba5da9661
outputs/phase7_template_index.csv,2503,b46bab369d9c21608b2eb34052c3254995a9d82d5861358c44025993e5dfa108
outputs/phase7_template_scores.csv,11361,83864585bc2d11cd800241c079e432236d64552dd57ee1e6fee4a209f9fa1487
outputs/phase8_confusion_matrix.csv,112,755c35de1f57e9600519960d0a40439fe3f1cbc35eee7aa04938d31636bef6d5
outputs/phase8_confusion_matrix_normalized.csv,162,e91acb2922a9319c8a0e2262c2b6eedac446ec3e868650d2072a3b01c218a6db
outputs/phase8_error_comparison.csv,806,788ddfddb271ec9bd2596c1d63e4ea480fcab9a12ef65c21ccf3a1bf69828822
outputs/phase8_evaluation_provenance.json,2177,6a17540d265c0e495703fc2906a34ed63f64822786113f3a2587dd8955acfab1
outputs/phase8_metrics.json,2322,0b5a7832ff9de1777d6b5defdecb2e80c890175c7997b21a3c6f8bd851a0b716
outputs/phase8_path_khong_04_predicted.csv,3051,73eb1a0e354684a2e39b77d0e1ff841c3b67ea1bdbd11448dd815b89001dc675
outputs/phase8_path_khong_04_true_label.csv,4104,1ad7f55cdc9b5fc8ebc269d43e7a2baa886209c45937fc1565cd6a513b3eeaa6
outputs/phase8_path_khong_05_predicted.csv,3566,d57007c371e79602885807ef125db8fbe934e30e05d9bfc3e786fe4f447122be
outputs/phase8_path_khong_05_true_label.csv,4296,692244ca4ada2fb194aecf8883c82e80a4ba391efa340dc4ce6c078388662cfe
outputs/phase8_per_label_metrics.csv,167,7eb234fa8c9f3ddb2358101ccce6d121e1408b4d285886f360d4fc8f8dee6be1
outputs/phase9_all_predictions.csv,7270,755b32241b3469bc3e5a7be84edce8f8d2d1ab74b6b9926e4d513333a2cbf81b
outputs/phase9_experiment_config.json,6430,a4523349adac47e736200379872eaba6fe64a9d3d464b7e82a4aab260a486bad
outputs/phase9_experiment_summary.csv,366,ef34440ebe42446b0d7862dba46cc3f47144fb4df0731311170a185fa6eba2dd
outputs/phase9_feature_summary.csv,7520,588eb436a1dd9a52c8c11d5559c6a3dd452788b13a1d046e44d06382157a4f99
outputs/phase9_path_comparison.csv,2077,44519cd3e264d494741fc405e10dbb2228c54015e1011e0be13af3ce1abf7556
outputs/phase9_prediction_changes.csv,1354,1bcb7f89aed280c189d75d7b3fd0786584a1c78309c980c9d9d3ed158daf162c
outputs/phase9_query_comparison.csv,780,b523a802fbbf0cb8bf8141c88fe0de2009e49202febf3375ff7253a11755eef2
README.md,4251,5819c9bbf8ba32d6b614402a9723003c20a8af9f7dfdc81ea48339af38f7ce99
recognizer_config.json,3467,e3badfe454c396b8036582dd5fd0f001b6735339fae06192da673d78acb30bcd
reports/Phase2_Data_Report.md,1146,ecef420fc0a55450581ab38de199931ff24289add56cb9f45ca78f359be806ac
reports/Phase3_Time_Features_Report.md,2603,0d2650e685d77aeebd82588af452711441c20d4464e7dc4f61eb1cdfe747ab11
reports/Phase4_Endpoint_Report.md,3204,872506c3757b005665b0724bfd54800a82eb8bc44d5567fa07762c8f17f8c51b
reports/Phase5_MFCC_Report.md,2594,c1637acbe6db7250b3fcb658507bb5638d0956e3a526d5538329de71b5842432
reports/Phase6_DTW_Report.md,2786,a2104b8c5f2e374092210decad7677b1d826221586e1a8f572ecd0770867e0a7
reports/Phase7_Recognizer_Report.md,3324,759e5719fb13624211a5e461a62f548c249786e524c8d887813793500d00c734
reports/Phase8_Evaluation_Report.md,5512,e9665ea88a7456af2999051dfef49500856325fb0324a997c9d744bf75e906b6
reports/Phase9_Experiments_Report.md,5409,0a8c07034d43de9cfb0cec8652c2ea3633a6f3dc36c0d137b5c9602e8431c088
reports/README_Phases.md,20144,992c8178df97b89062f74ae813d6f508a7fc92c4e9e0b549ef6f7654f771079a
requirements.txt,215,6c48d572fc949be638cb22ed2bf62dc896b153ff96eb1e9c200f8fedc7771892
results.csv,3851,435c3a9518d223c0cc9d7dbcbc42f87db06c1bf508416d9bbad965d9f3101e27
tests/test_lab2_dtw.py,3378,1a6e6b42138e2bfeda894475e53683d20d95156f76372defaee587d863b7aedc
tests/test_lab2_evaluation.py,3676,0c61303947efdd9f6f9fc7d1decfc36b49cee067e5c9228e35485be2ad9096ce
tests/test_lab2_experiments.py,4352,06b55333697e74d4184594af35380ad2f928b60366282323dec7da992c442a53
tests/test_lab2_recognizer.py,5566,1a6efb999c5031727a2b7ec118cca92cbaad3f638392923fdabfc4262388ed98
tools/record_lab2.html,8900,62b704a6940564b83fc1f05fa82305a8d99899f38682d64d3ad80c187709da01
tools/start_recording_lab2.ps1,666,57ee4843795b264437f0a18c408e8db171419c8115c162cc72c67b81701779e3
trimmed/ba/ba_01.wav,29644,5494da7b497c5c4a65022ddd69546bc7cce2e039ad1a7dc11feb88410749ba3c
trimmed/ba/ba_02.wav,29964,a6a347c08209202430b30e06a453426f71f4157abd4ebbdfc583651f994e7a6e
trimmed/ba/ba_03.wav,23244,90bd706c9fc4b0112b59e6ef79d8bfbf2548ca71e2e3c14d420b8a8c96e97119
trimmed/ba/ba_04.wav,56844,c0428ad7036aa8cb638be0d1728009922e2d9815645df4709011c0e6c0efdfcd
trimmed/ba/ba_05.wav,17804,f25781901147f8bf9abf47ba88a8a4ca19697ffb30d7f7d29413a62db41b9d6c
trimmed/bon/bon_01.wav,19404,09f212a4dd8c153d91e90cc98891017a2e79cb0ae2b98d41e525cc5dc9355afe
trimmed/bon/bon_02.wav,41804,86a8f3455975161265c30c6e7bb43a7600b682991696fb8bff16b0b8c21502b8
trimmed/bon/bon_03.wav,14924,bc3acace0aebde00d2cdf5bbf6ff169fc2711e2b89d48e3d2e023ab22ddbbf1a
trimmed/bon/bon_04.wav,18764,87c11ecc1506942176efc089c8e32233e5ace1ee0943dc998ac8851180e1a745
trimmed/bon/bon_05.wav,17164,57d497da9838da71712ef095a303783b1a9e1fe5fa6bf37d2e7d9af497587b46
trimmed/hai/hai_01.wav,24844,e4de76dcadfa40621c8475e02e2cac858b25fa111df838219a72f523a87831e8
trimmed/hai/hai_02.wav,21324,1cc72b936a542a1b6f7232abc8e9828d93f58971916852ecd740b4e3462311b7
trimmed/hai/hai_03.wav,15244,aa9574cf324da58ebf047f3c879d97906d5e734eb1bc8384d956e73574e61dad
trimmed/hai/hai_04.wav,21644,57fede8d2f87c8900245c1d726f59a663be626540645f1f9a121e279b63a1299
trimmed/hai/hai_05.wav,20044,eda02f75498cf53fd77af4180defaf2092c7817a6224e2cbc39a2475f9a96899
trimmed/khong/khong_01.wav,26124,8e5473caf9f290a6e65298d28062ceb2c9d9d39c92c189f696416d293ca61721
trimmed/khong/khong_02.wav,28684,32ec7dbc2755b9af68e1b088fc10305dcc268fd9b19c98794bc5417a2b0d5d67
trimmed/khong/khong_03.wav,28044,89c24a03f993112c6283eaba701a6090e8e114a10bf419ac8f5c731dbd4bf408
trimmed/khong/khong_04.wav,13644,9668d347bd88419367a59c4fbe731c2a5b45a1d8b320734f88697679d86d69a5
trimmed/khong/khong_05.wav,22284,54dea9434dda0970398495522b40b0887bb5f5a7289c61dc60c4a6ea62e1bb55
trimmed/mot/mot_01.wav,20044,ba592595d3728f010eaede76f8b198d7db748a587186e72d72b5e735564ac7a6
trimmed/mot/mot_02.wav,28684,4494282fe28f1e0e4dc7e4a446320f37dcb21a834d2c88a5ae55d9bda0734de2
trimmed/mot/mot_03.wav,14604,4a719e4734d95f43d26ae1e8dc35d8b92bf650a4342a9c5a9c77c856ad3fa416
trimmed/mot/mot_04.wav,23884,f1cc19c83d6f634b268ea0cc5930cd427bac1ad3c755f4200e1a3f11f98c81ad
trimmed/mot/mot_05.wav,15244,a50ca3d489618bce4625385a78d685407d76fccffc90adf976b677763ee321fb
