file,label,split,n_frames,n_mfcc,audio_hash,trimmed_sha256
khong/khong_01.wav,khong,train,80,13,929486dcb3d62cc7ae8db876851d9cef7c69291ddebd187be6d42ea7964c2811,8e5473caf9f290a6e65298d28062ceb2c9d9d39c92c189f696416d293ca61721
khong/khong_02.wav,khong,train,88,13,2478bfd6b4288be9612cd8c225666436a4f962f4eb496c5dab8b14b43589b78b,32ec7dbc2755b9af68e1b088fc10305dcc268fd9b19c98794bc5417a2b0d5d67
khong/khong_03.wav,khong,train,86,13,39795dbe84f47a8a6b037d74657667e7a1e6d8c5ccc5e83d8ae57425853f55f4,89c24a03f993112c6283eaba701a6090e8e114a10bf419ac8f5c731dbd4bf408
mot/mot_01.wav,mot,train,61,13,4a6cc259da1e41f070a398c6105e2cb777783b5a2bb90aa13e4c881a76df5ba4,ba592595d3728f010eaede76f8b198d7db748a587186e72d72b5e735564ac7a6
mot/mot_02.wav,mot,train,88,13,97e27919192ac361ede8326a6a881380d6347f388a15354a0fe8ef52a9dd0dc2,4494282fe28f1e0e4dc7e4a446320f37dcb21a834d2c88a5ae55d9bda0734de2
mot/mot_03.wav,mot,train,44,13,0f62ea6943ddebc17c86ee7a45d6d4d5f6e12bbb35bf1d92e9d493f35ee4beb8,4a719e4734d95f43d26ae1e8dc35d8b92bf650a4342a9c5a9c77c856ad3fa416
hai/hai_01.wav,hai,train,76,13,149e35bfad779f999793da92d1ac3c24f9fe25d8279f9dca3aee2d491497e435,e4de76dcadfa40621c8475e02e2cac858b25fa111df838219a72f523a87831e8
hai/hai_02.wav,hai,train,65,13,2b671932796544a38077a4ee50156eed5ea8cbabdebbb8ce9598aeab8f2763b2,1cc72b936a542a1b6f7232abc8e9828d93f58971916852ecd740b4e3462311b7
hai/hai_03.wav,hai,train,46,13,90a01322fed14f11349b98560c0cabec8bfa26fde42f3b62ef5cc58b64ccecce,aa9574cf324da58ebf047f3c879d97906d5e734eb1bc8384d956e73574e61dad
ba/ba_01.wav,ba,train,91,13,6ef4dcc49f6853b5a18403a2e0192bf6ee385c3bf4afb5bc6c69b9b31a19a5c4,5494da7b497c5c4a65022ddd69546bc7cce2e039ad1a7dc11feb88410749ba3c
ba/ba_02.wav,ba,train,92,13,a02c2cf373e13f0a0838bb29bb3c6d1e71ec3e96468c573aac8e7c7438b9cd22,a6a347c08209202430b30e06a453426f71f4157abd4ebbdfc583651f994e7a6e
ba/ba_03.wav,ba,train,71,13,059bea659a4ec811b2c1a70678e827e233be7768f84393d497cf6f2bc8c9a82e,90bd706c9fc4b0112b59e6ef79d8bfbf2548ca71e2e3c14d420b8a8c96e97119
bon/bon_01.wav,bon,train,59,13,537e2aaf889fd1d9fd9879a45ece795b212c87cc1e13a4e3e43fb07837a01f86,09f212a4dd8c153d91e90cc98891017a2e79cb0ae2b98d41e525cc5dc9355afe
bon/bon_02.wav,bon,train,129,13,d6d4333c5c04f2047f505047538e8a5b1ef63b62aa249bb59d31dfff66e6f036,86a8f3455975161265c30c6e7bb43a7600b682991696fb8bff16b0b8c21502b8
bon/bon_03.wav,bon,train,45,13,b344a6bc75fa4f2f2053d81edae1e95de86bd9569c3057d45d9035504c2d6ceb,bc3acace0aebde00d2cdf5bbf6ff169fc2711e2b89d48e3d2e023ab22ddbbf1a
