variant,file,true_label,predicted_label,correct,winning_template,score_gap,true_label_rank,true_label_score,true_label_template,n_frames,dimensions,top1_label,top1_score,top1_template,top2_label,top2_score,top2_template,top3_label,top3_score,top3_template
trim_mfcc13,khong/khong_04.wav,khong,hai,False,hai/hai_02.wav,0.7551295290694551,3,7.10465833732014,khong/khong_02.wav,41,13,hai,6.342907860248758,hai/hai_02.wav,bon,7.098037389318213,bon/bon_03.wav,khong,7.10465833732014,khong/khong_02.wav
trim_mfcc13,khong/khong_05.wav,khong,hai,False,hai/hai_02.wav,0.08518493011864692,2,6.81965338802468,khong/khong_02.wav,68,13,hai,6.734468457906033,hai/hai_02.wav,khong,6.81965338802468,khong/khong_02.wav,bon,7.776631812602069,bon/bon_03.wav
trim_mfcc13,mot/mot_04.wav,mot,mot,True,mot/mot_01.wav,1.7455045870730022,1,4.742079901692872,mot/mot_01.wav,73,13,mot,4.742079901692872,mot/mot_01.wav,bon,6.487584488765874,bon/bon_03.wav,ba,7.94433657999985,ba/ba_02.wav
trim_mfcc13,mot/mot_05.wav,mot,mot,True,mot/mot_03.wav,1.352958748202136,1,4.973201596485003,mot/mot_03.wav,46,13,mot,4.973201596485003,mot/mot_03.wav,bon,6.326160344687139,bon/bon_03.wav,ba,6.926911853767254,ba/ba_02.wav
trim_mfcc13,hai/hai_04.wav,hai,hai,True,hai/hai_01.wav,2.6827975891849167,1,5.883987590717936,hai/hai_01.wav,66,13,hai,5.883987590717936,hai/hai_01.wav,ba,8.566785179902853,ba/ba_03.wav,khong,8.65725645605626,khong/khong_02.wav
trim_mfcc13,hai/hai_05.wav,hai,hai,True,hai/hai_03.wav,2.0780290090287545,1,6.146397147872315,hai/hai_03.wav,61,13,hai,6.146397147872315,hai/hai_03.wav,ba,8.22442615690107,ba/ba_01.wav,khong,8.37856678753144,khong/khong_02.wav
trim_mfcc13,ba/ba_04.wav,ba,ba,True,ba/ba_01.wav,1.1401385610717254,1,5.651276716655811,ba/ba_01.wav,176,13,ba,5.651276716655811,ba/ba_01.wav,khong,6.791415277727537,khong/khong_03.wav,hai,7.392624763953766,hai/hai_03.wav
trim_mfcc13,ba/ba_05.wav,ba,ba,True,ba/ba_02.wav,0.09563785775708755,1,6.894792507523033,ba/ba_02.wav,54,13,ba,6.894792507523033,ba/ba_02.wav,mot,6.990430365280121,mot/mot_03.wav,khong,7.815825583057693,khong/khong_03.wav
trim_mfcc13,bon/bon_04.wav,bon,bon,True,bon/bon_01.wav,2.8959668515516546,1,4.153889348379176,bon/bon_01.wav,57,13,bon,4.153889348379176,bon/bon_01.wav,mot,7.04985619993083,mot/mot_03.wav,khong,9.083370743700637,khong/khong_02.wav
trim_mfcc13,bon/bon_05.wav,bon,bon,True,bon/bon_02.wav,1.8139911367753143,1,8.818119524208164,bon/bon_02.wav,52,13,bon,8.818119524208164,bon/bon_02.wav,khong,10.632110660983479,khong/khong_03.wav,mot,11.102136550576233,mot/mot_02.wav
no_trim_mfcc13,khong/khong_04.wav,khong,mot,False,mot/mot_03.wav,0.2218868865634369,4,4.078461839858271,khong/khong_02.wav,219,13,mot,3.3234320048982733,mot/mot_03.wav,hai,3.54531889146171,hai/hai_02.wav,bon,3.7845267891290133,bon/bon_03.wav
no_trim_mfcc13,khong/khong_05.wav,khong,mot,False,mot/mot_03.wav,0.17551833679939755,4,4.475284471677222,khong/khong_02.wav,341,13,mot,4.130756004726119,mot/mot_03.wav,bon,4.3062743415255165,bon/bon_03.wav,hai,4.3994141833609,hai/hai_02.wav
no_trim_mfcc13,mot/mot_04.wav,mot,mot,True,mot/mot_01.wav,0.7014417454297575,1,2.7257197134236577,mot/mot_01.wav,274,13,mot,2.7257197134236577,mot/mot_01.wav,bon,3.427161458853415,bon/bon_03.wav,hai,4.680825409947298,hai/hai_03.wav
no_trim_mfcc13,mot/mot_05.wav,mot,mot,True,mot/mot_03.wav,0.7005896270279877,1,2.728556120983136,mot/mot_03.wav,231,13,mot,2.728556120983136,mot/mot_03.wav,bon,3.429145748011124,bon/bon_03.wav,hai,3.657048555419931,hai/hai_02.wav
no_trim_mfcc13,hai/hai_04.wav,hai,hai,True,hai/hai_02.wav,0.2606740955436182,1,4.137166855420663,hai/hai_02.wav,224,13,hai,4.137166855420663,hai/hai_02.wav,ba,4.397840950964281,ba/ba_03.wav,khong,5.192422563960611,khong/khong_02.wav
no_trim_mfcc13,hai/hai_05.wav,hai,hai,True,hai/hai_03.wav,0.21551197959843282,1,5.25660289056145,hai/hai_03.wav,377,13,hai,5.25660289056145,hai/hai_03.wav,ba,5.472114870159883,ba/ba_03.wav,mot,6.147350460619194,mot/mot_03.wav
no_trim_mfcc13,ba/ba_04.wav,ba,ba,True,ba/ba_01.wav,1.7663698438863662,1,5.613779729995828,ba/ba_01.wav,363,13,ba,5.613779729995828,ba/ba_01.wav,khong,7.3801495738821945,khong/khong_03.wav,hai,8.112613698833453,hai/hai_01.wav
no_trim_mfcc13,ba/ba_05.wav,ba,mot,False,mot/mot_03.wav,0.6030558380512843,5,4.665263714133413,ba/ba_03.wav,226,13,mot,3.458224088326156,mot/mot_03.wav,bon,4.06127992637744,bon/bon_03.wav,hai,4.491198657181439,hai/hai_02.wav
no_trim_mfcc13,bon/bon_04.wav,bon,bon,True,bon/bon_01.wav,0.9339005716180093,1,2.7785227336032636,bon/bon_01.wav,214,13,bon,2.7785227336032636,bon/bon_01.wav,mot,3.712423305221273,mot/mot_03.wav,khong,5.309353050525724,khong/khong_02.wav
no_trim_mfcc13,bon/bon_05.wav,bon,bon,True,bon/bon_01.wav,0.4472902186159473,1,3.3399723369161762,bon/bon_01.wav,202,13,bon,3.3399723369161762,bon/bon_01.wav,mot,3.7872625555321235,mot/mot_03.wav,khong,5.606032749388561,khong/khong_02.wav
trim_mfcc_delta26,khong/khong_04.wav,khong,hai,False,hai/hai_02.wav,0.8320368867779164,2,7.450041821278663,khong/khong_02.wav,41,26,hai,6.618004934500747,hai/hai_02.wav,khong,7.450041821278663,khong/khong_02.wav,bon,7.799610691490133,bon/bon_03.wav
trim_mfcc_delta26,khong/khong_05.wav,khong,hai,False,hai/hai_02.wav,0.25549938024951047,2,7.2218461653390404,khong/khong_02.wav,68,26,hai,6.96634678508953,hai/hai_02.wav,khong,7.2218461653390404,khong/khong_02.wav,bon,8.020729979308147,bon/bon_03.wav
trim_mfcc_delta26,mot/mot_04.wav,mot,mot,True,mot/mot_01.wav,1.8673349280685292,1,5.071719600199132,mot/mot_01.wav,73,26,mot,5.071719600199132,mot/mot_01.wav,bon,6.939054528267661,bon/bon_03.wav,ba,8.336843395695382,ba/ba_02.wav
trim_mfcc_delta26,mot/mot_05.wav,mot,mot,True,mot/mot_03.wav,1.3810165535901664,1,5.304445942102288,mot/mot_03.wav,46,26,mot,5.304445942102288,mot/mot_03.wav,bon,6.685462495692454,bon/bon_03.wav,ba,7.409322002475115,ba/ba_02.wav
trim_mfcc_delta26,hai/hai_04.wav,hai,hai,True,hai/hai_01.wav,2.6872082916778117,1,6.145505063214068,hai/hai_01.wav,66,26,hai,6.145505063214068,hai/hai_01.wav,ba,8.83271335489188,ba/ba_03.wav,khong,8.946884309944194,khong/khong_02.wav
trim_mfcc_delta26,hai/hai_05.wav,hai,hai,True,hai/hai_03.wav,1.8686595794132437,1,6.634002448549957,hai/hai_03.wav,61,26,hai,6.634002448549957,hai/hai_03.wav,ba,8.5026620279632,ba/ba_01.wav,khong,8.845528877835845,khong/khong_02.wav
trim_mfcc_delta26,ba/ba_04.wav,ba,ba,True,ba/ba_01.wav,1.1820091221171891,1,5.868310149886273,ba/ba_01.wav,176,26,ba,5.868310149886273,ba/ba_01.wav,khong,7.050319272003462,khong/khong_03.wav,hai,7.925933436678363,hai/hai_03.wav
trim_mfcc_delta26,ba/ba_05.wav,ba,ba,True,ba/ba_02.wav,0.5024678947504242,1,7.099955260862409,ba/ba_02.wav,54,26,ba,7.099955260862409,ba/ba_02.wav,mot,7.602423155612833,mot/mot_03.wav,khong,8.075565737552798,khong/khong_03.wav
trim_mfcc_delta26,bon/bon_04.wav,bon,bon,True,bon/bon_01.wav,3.2137725323451534,1,4.378298179127683,bon/bon_01.wav,57,26,bon,4.378298179127683,bon/bon_01.wav,mot,7.592070711472837,mot/mot_02.wav,khong,9.407407119563977,khong/khong_02.wav
trim_mfcc_delta26,bon/bon_05.wav,bon,bon,True,bon/bon_01.wav,1.706188395620151,1,9.151013974327665,bon/bon_01.wav,52,26,bon,9.151013974327665,bon/bon_01.wav,khong,10.857202369947816,khong/khong_03.wav,mot,11.297479033614069,mot/mot_02.wav
