case,variant,query_file,template_file,query_frames,template_frames,dimensions,dtw_norm,total_cost,path_length,diagonal_steps,vertical_steps,horizontal_steps,mean_normalized_diagonal_deviation,path_fraction_either_outside_endpoint,path_fraction_both_outside_endpoint
E1_khong,no_trim_mfcc13,khong/khong_04.wav,khong/khong_02.wav,219,368,13,4.078461839858271,1676.2478161817492,411,175,43,192,0.16919378856804718,0.7980535279805353,0.6788321167883211
E1_khong,no_trim_mfcc13,khong/khong_04.wav,hai/hai_02.wav,219,248,13,3.54531889146171,964.3267384775852,272,194,24,53,0.042805763058482695,0.8125,0.6691176470588235
E1_khong,trim_mfcc13,khong/khong_04.wav,khong/khong_02.wav,41,88,13,7.10465833732014,625.2099336841724,88,40,0,47,0.039958855799373035,0.0,0.0
E1_khong,trim_mfcc13,khong/khong_04.wav,hai/hai_02.wav,41,65,13,6.342907860248758,412.2890109161693,65,40,0,24,0.03894230769230769,0.0,0.0
E1_ba,no_trim_mfcc13,ba/ba_05.wav,ba/ba_02.wav,226,262,13,4.964504726590949,1345.3807809061473,271,216,9,45,0.03487353494224597,0.6937269372693727,0.6531365313653137
E1_ba,no_trim_mfcc13,ba/ba_05.wav,mot/mot_03.wav,226,207,13,3.458224088326156,888.7635906998221,257,175,50,31,0.07500342093443978,0.77431906614786,0.7665369649805448
E1_ba,trim_mfcc13,ba/ba_05.wav,ba/ba_02.wav,54,92,13,6.894792507523033,634.320910692119,92,53,0,38,0.09803117309269893,0.0,0.0
E1_ba,trim_mfcc13,ba/ba_05.wav,mot/mot_03.wav,54,44,13,6.990430365280121,405.444961186247,58,39,14,4,0.0708871101965472,0.0,0.0
E2_khong,trim_mfcc13,khong/khong_04.wav,khong/khong_02.wav,41,88,13,7.10465833732014,625.2099336841724,88,40,0,47,0.039958855799373035,0.0,0.0
E2_khong,trim_mfcc13,khong/khong_04.wav,hai/hai_02.wav,41,65,13,6.342907860248758,412.2890109161693,65,40,0,24,0.03894230769230769,0.0,0.0
E2_khong,trim_mfcc_delta26,khong/khong_04.wav,khong/khong_02.wav,41,88,26,7.450041821278663,655.6036802725224,88,40,0,47,0.040347439916405436,0.0,0.0
E2_khong,trim_mfcc_delta26,khong/khong_04.wav,hai/hai_02.wav,41,65,26,6.618004934500747,430.17032074254854,65,40,0,24,0.04278846153846154,0.0,0.0
