step,frame_x,frame_y,local_distance
0,0,0,10.63069544113947
1,1,1,10.228165737683494
2,2,2,11.502559073134377
3,3,3,11.124817280701311
4,4,4,9.71790834168615
5,5,5,9.971465873452845
6,6,6,9.98498536024907
7,7,7,10.10020101424299
8,8,8,9.824663573668513
9,9,9,10.071651558910887
10,10,10,9.84554177365473
11,11,11,10.23604171058891
12,12,12,9.589416062384249
13,13,13,8.529823429107642
14,14,14,8.10926530366739
15,15,15,7.557529019210793
16,15,16,8.027853662635977
17,15,17,8.642880759804939
18,15,18,8.067053169355498
19,15,19,8.677301502245605
20,15,20,7.638643158047307
21,16,21,14.432990954702884
22,17,22,8.273158411266538
23,18,23,5.129422820007365
24,19,23,6.057498125143775
25,20,23,6.618525036770621
26,21,23,9.949604637529383
27,22,24,6.049251046347153
28,23,25,7.657553538182399
29,24,26,7.153083825318933
30,25,27,7.489404092721988
31,26,28,9.24429592795712
32,27,29,9.680598524440056
33,28,30,10.889822453536828
34,29,31,11.160680498489393
35,30,32,11.089544108454271
36,31,33,12.053404811830683
37,32,34,10.772480047281165
38,33,35,10.534461785980582
39,34,36,11.326096200037945
40,35,37,10.68311692842859
41,35,38,11.481870653791553
42,35,39,11.428617700548145
43,35,40,10.878408653596463
44,35,41,10.202011084968804
45,35,42,8.77105911777022
46,35,43,7.693835134347084
47,35,44,7.145427514963881
48,35,45,7.556598386539057
49,36,46,7.660797942985153
50,37,47,8.212344600167086
51,38,48,6.518832643478004
52,38,49,5.94829789108994
53,39,50,6.1309102175722145
54,40,51,10.65442989264214
55,41,52,13.359821534161131
56,42,53,16.257304664035225
57,43,54,7.410881971082401
58,44,55,6.520432234229534
59,45,56,5.425501034587709
60,46,56,6.857158078242603
61,47,56,7.739778354928904
62,48,57,7.758148709955285
63,49,57,8.367339879531885
64,50,58,8.447148858243336
65,51,59,8.791876030634487
66,52,60,8.689255467980574
67,53,61,8.276147396598455
68,54,62,8.74032332876671
69,55,63,10.161492338318261
70,56,64,12.613609153404273
71,57,65,14.491783327117652
72,58,66,13.716105191967106
73,59,67,14.529741442111762
74,60,68,10.308413777614412
75,61,69,13.25792354691981
76,62,70,15.537429601682053
77,63,71,13.842763523129902
78,64,72,10.32042129164235
79,65,73,8.639398653177759
80,66,74,7.40962743091003
81,67,75,8.495628157898961
82,68,76,9.752012547616395
83,69,77,9.869394268196183
84,70,78,10.483586762126722
85,71,79,11.895562763129814
86,72,80,15.297772443947224
87,73,81,13.517471719391793
88,74,82,10.746167394223873
89,75,83,10.062848847736063
90,76,84,11.686775555306482
91,77,85,12.038543434521854
92,78,86,10.981870831893033
93,79,87,7.149518956802736
