file,label,split,before_s,after_s,removed_s,removed_percent,start_sample,end_sample_exclusive,start_frame,end_frame_inclusive,start_s,end_s,noise_db,high_threshold_db,low_threshold_db,margin_ms,warnings,source_audio_hash,trimmed_sha256
khong/khong_01.wav,khong,train,4.248,0.815,3.433,80.81,30080,43120,196,259,1.88,2.695,-52.532,-27.033,-39.033,80,,929486dcb3d62cc7ae8db876851d9cef7c69291ddebd187be6d42ea7964c2811,8e5473caf9f290a6e65298d28062ceb2c9d9d39c92c189f696416d293ca61721
khong/khong_02.wav,khong,train,3.696,0.895,2.801,75.78,10880,25200,76,147,0.68,1.575,-58.796,-33.127,-45.127,80,,2478bfd6b4288be9612cd8c225666436a4f962f4eb496c5dab8b14b43589b78b,32ec7dbc2755b9af68e1b088fc10305dcc268fd9b19c98794bc5417a2b0d5d67
khong/khong_03.wav,khong,train,1.896,0.875,1.021,53.85,3840,17840,32,101,0.24,1.115,-52.635,-36.448,-46.635,80,,39795dbe84f47a8a6b037d74657667e7a1e6d8c5ccc5e83d8ae57425853f55f4,89c24a03f993112c6283eaba701a6090e8e114a10bf419ac8f5c731dbd4bf408
khong/khong_04.wav,khong,test,2.208,0.425,1.783,80.75,18880,25680,126,150,1.18,1.605,-52.41,-30.633,-42.633,80,,dca0da2033f0b08e0d3c7c29deb2f964ede37adec1ccc61c2f30876695034002,9668d347bd88419367a59c4fbe731c2a5b45a1d8b320734f88697679d86d69a5
khong/khong_05.wav,khong,test,3.432,0.695,2.737,79.75,28960,40080,189,240,1.81,2.505,-53.333,-33.377,-45.377,80,,1264d814d56f9191f659f816b5ce0c480438df706a72e1146b6fa097ad26ee80,54dea9434dda0970398495522b40b0887bb5f5a7289c61dc60c4a6ea62e1bb55
mot/mot_01.wav,mot,train,2.208,0.625,1.583,71.69,14080,24080,96,140,0.88,1.505,-50.299,-32.582,-44.299,80,,4a6cc259da1e41f070a398c6105e2cb777783b5a2bb90aa13e4c881a76df5ba4,ba592595d3728f010eaede76f8b198d7db748a587186e72d72b5e735564ac7a6
mot/mot_02.wav,mot,train,2.16,0.895,1.265,58.56,11360,25680,79,150,0.71,1.605,-53.138,-34.486,-46.486,80,,97e27919192ac361ede8326a6a881380d6347f388a15354a0fe8ef52a9dd0dc2,4494282fe28f1e0e4dc7e4a446320f37dcb21a834d2c88a5ae55d9bda0734de2
mot/mot_03.wav,mot,train,2.088,0.455,1.633,78.21,18080,25360,121,148,1.13,1.585,-49.338,-29.841,-41.841,80,,0f62ea6943ddebc17c86ee7a45d6d4d5f6e12bbb35bf1d92e9d493f35ee4beb8,4a719e4734d95f43d26ae1e8dc35d8b92bf650a4342a9c5a9c77c856ad3fa416
mot/mot_04.wav,mot,test,2.76,0.745,2.015,73.01,24640,36560,162,218,1.54,2.285,-57.633,-30.792,-42.792,80,,2bcdb916011f5c8a4c69d2a57b6c7ce19ac2244c2211debf6a799236e67ba9e7,f1cc19c83d6f634b268ea0cc5930cd427bac1ad3c755f4200e1a3f11f98c81ad
mot/mot_05.wav,mot,test,2.328,0.475,1.853,79.6,12800,20400,88,117,0.8,1.275,-51.888,-33.761,-45.761,80,,6c27c6ccae905e759ff77aa2781687b8aa34a31c6097df69533c0fc88f5d2224,a50ca3d489618bce4625385a78d685407d76fccffc90adf976b677763ee321fb
hai/hai_01.wav,hai,train,2.088,0.775,1.313,62.88,10240,22640,72,131,0.64,1.415,-44.018,-32.018,-38.018,80,,149e35bfad779f999793da92d1ac3c24f9fe25d8279f9dca3aee2d491497e435,e4de76dcadfa40621c8475e02e2cac858b25fa111df838219a72f523a87831e8
hai/hai_02.wav,hai,train,2.496,0.665,1.831,73.36,23840,34480,157,205,1.49,2.155,-58.153,-38.654,-50.654,80,,2b671932796544a38077a4ee50156eed5ea8cbabdebbb8ce9598aeab8f2763b2,1cc72b936a542a1b6f7232abc8e9828d93f58971916852ecd740b4e3462311b7
hai/hai_03.wav,hai,train,1.824,0.475,1.349,73.96,9600,17200,68,97,0.6,1.075,-55.621,-42.257,-49.621,80,,90a01322fed14f11349b98560c0cabec8bfa26fde42f3b62ef5cc58b64ccecce,aa9574cf324da58ebf047f3c879d97906d5e734eb1bc8384d956e73574e61dad
hai/hai_04.wav,hai,test,2.256,0.675,1.581,70.08,16480,27280,111,160,1.03,1.705,-49.654,-37.584,-43.654,80,Có vùng năng lượng khác ngoài vùng chính; cần nghe để xác nhận không phải tiếng nói,ea00d67a320cae5ebe6db5a1efbdeb47e901bfc5d2472d92ca61d5732bcfeece,57fede8d2f87c8900245c1d726f59a663be626540645f1f9a121e279b63a1299
hai/hai_05.wav,hai,test,3.792,0.625,3.167,83.52,24640,34640,162,206,1.54,2.165,-34.236,-37.289,-49.289,80,Nền đầu/cuối có thể chứa âm mạnh; dùng ngưỡng tương đối theo peak; Có vùng năng lượng khác ngoài vùng chính; cần nghe để xác nhận không phải tiếng nói,a5b04ac3d8abf00e4735b7cb312858cfd4f4c731667ce6a64f895ddbf211c2d8,eda02f75498cf53fd77af4180defaf2092c7817a6224e2cbc39a2475f9a96899
ba/ba_01.wav,ba,train,1.992,0.925,1.067,53.56,9920,24720,70,144,0.62,1.545,-55.067,-38.451,-49.067,80,Có vùng năng lượng khác ngoài vùng chính; cần nghe để xác nhận không phải tiếng nói,6ef4dcc49f6853b5a18403a2e0192bf6ee385c3bf4afb5bc6c69b9b31a19a5c4,5494da7b497c5c4a65022ddd69546bc7cce2e039ad1a7dc11feb88410749ba3c
ba/ba_02.wav,ba,train,2.64,0.935,1.705,64.58,12640,27600,87,162,0.79,1.725,-56.702,-35.085,-47.085,80,Có vùng năng lượng khác ngoài vùng chính; cần nghe để xác nhận không phải tiếng nói,a02c2cf373e13f0a0838bb29bb3c6d1e71ec3e96468c573aac8e7c7438b9cd22,a6a347c08209202430b30e06a453426f71f4157abd4ebbdfc583651f994e7a6e
ba/ba_03.wav,ba,train,3.36,0.725,2.635,78.42,30400,42000,198,252,1.9,2.625,-46.386,-30.367,-40.386,80,,059bea659a4ec811b2c1a70678e827e233be7768f84393d497cf6f2bc8c9a82e,90bd706c9fc4b0112b59e6ef79d8bfbf2548ca71e2e3c14d420b8a8c96e97119
ba/ba_04.wav,ba,test,3.648,1.775,1.873,51.34,14080,42480,96,255,0.88,2.655,-56.137,-34.439,-46.439,80,,a84bb1d06abd56194102eef28a44843c0fd4b8139a2baa66d0e26ad2ed591364,c0428ad7036aa8cb638be0d1728009922e2d9815645df4709011c0e6c0efdfcd
ba/ba_05.wav,ba,test,2.28,0.555,1.725,75.66,14240,23120,97,134,0.89,1.445,-43.762,-31.762,-37.762,80,,d2976ebd60fc89db5cf36b133c10512dcfffa08edcfc731338c7fc7814c2d0d4,f25781901147f8bf9abf47ba88a8a4ca19697ffb30d7f7d29413a62db41b9d6c
bon/bon_01.wav,bon,train,1.704,0.605,1.099,64.5,7360,17040,54,96,0.46,1.065,-48.629,-34.971,-42.629,80,Có vùng năng lượng khác ngoài vùng chính; cần nghe để xác nhận không phải tiếng nói,537e2aaf889fd1d9fd9879a45ece795b212c87cc1e13a4e3e43fb07837a01f86,09f212a4dd8c153d91e90cc98891017a2e79cb0ae2b98d41e525cc5dc9355afe
bon/bon_02.wav,bon,train,2.76,1.305,1.455,52.72,11040,31920,77,189,0.69,1.995,-58.265,-40.831,-52.265,80,,d6d4333c5c04f2047f505047538e8a5b1ef63b62aa249bb59d31dfff66e6f036,86a8f3455975161265c30c6e7bb43a7600b682991696fb8bff16b0b8c21502b8
bon/bon_03.wav,bon,train,1.656,0.465,1.191,71.92,10080,17520,71,99,0.63,1.095,-48.224,-34.782,-42.224,80,,b344a6bc75fa4f2f2053d81edae1e95de86bd9569c3057d45d9035504c2d6ceb,bc3acace0aebde00d2cdf5bbf6ff169fc2711e2b89d48e3d2e023ab22ddbbf1a
bon/bon_04.wav,bon,test,2.16,0.585,1.575,72.92,16160,25520,109,149,1.01,1.595,-41.851,-28.885,-35.851,80,Có vùng năng lượng khác ngoài vùng chính; cần nghe để xác nhận không phải tiếng nói,8223461ad31e2e5fa78b9e4b1e87ff43696df57a269d3b0fc577debc1680d815,87c11ecc1506942176efc089c8e32233e5ace1ee0943dc998ac8851180e1a745
bon/bon_05.wav,bon,test,2.04,0.535,1.505,73.77,9920,18480,70,105,0.62,1.155,-42.154,-30.154,-36.154,80,Có vùng năng lượng khác ngoài vùng chính; cần nghe để xác nhận không phải tiếng nói,db86907df5caf154e2983cb45134e2ef4df215920f6d7f567886ac498b63f641,57d497da9838da71712ef095a303783b1a9e1fe5fa6bf37d2e7d9af497587b46
