file,label,split,duration_s,n_frames,dropped_tail_samples,max_energy,max_frame_rms,mean_zcr,max_zcr
khong/khong_01.wav,khong,train,4.248,423,48,0.152288906453219,0.019512105630429728,0.1115839243498818,0.5775
khong/khong_02.wav,khong,train,3.696,368,16,0.0319208926396621,0.008933209479193648,0.11480298913043478,0.2825
khong/khong_03.wav,khong,train,1.896,188,16,0.018994218943336236,0.006890975791449321,0.10304521276595746,0.3375
khong/khong_04.wav,khong,test,2.208,219,48,0.06975460856571562,0.013205548887277993,0.10930365296803653,0.365
khong/khong_05.wav,khong,test,3.432,341,112,0.03295792924206396,0.009077159418296007,0.06370234604105571,0.485
mot/mot_01.wav,mot,train,2.208,219,48,0.04358326240856902,0.010438302353420434,0.10600456621004568,0.2325
mot/mot_02.wav,mot,train,2.16,214,80,0.02835340790689625,0.008419235105830019,0.0775,0.21
mot/mot_03.wav,mot,train,2.088,207,48,0.0709914864423923,0.01332211380021882,0.10285024154589373,0.2575
mot/mot_04.wav,mot,test,2.76,274,80,0.06407318763460851,0.012656341062349785,0.12456204379562043,0.33
mot/mot_05.wav,mot,test,2.328,231,48,0.046654091728873706,0.010799779133027872,0.1070995670995671,0.27
hai/hai_01.wav,hai,train,2.088,207,48,0.006993784788241607,0.004181442570525633,0.09903381642512077,0.315
hai/hai_02.wav,hai,train,2.496,248,16,0.011175088867483496,0.005285614644363392,0.12402217741935484,0.24
hai/hai_03.wav,hai,train,1.824,180,144,0.004668673635104727,0.003416384651610796,0.1062222222222222,0.265
hai/hai_04.wav,hai,test,2.256,224,16,0.02076825019358633,0.007205596816639536,0.13234375,0.5275
hai/hai_05.wav,hai,test,3.792,377,112,0.014150649010049685,0.005947825024756883,0.12330901856763925,0.2925
ba/ba_01.wav,ba,train,1.992,197,112,0.014433673462771596,0.006007011208323902,0.11168781725888326,0.3275
ba/ba_02.wav,ba,train,2.64,262,80,0.032761309337354896,0.009050042726053134,0.11623091603053436,0.265
ba/ba_03.wav,ba,train,3.36,334,80,0.08667272701240372,0.01472011608415536,0.1372305389221557,0.3525
ba/ba_04.wav,ba,test,3.648,363,48,0.027524532918245203,0.008295259627981092,0.11343663911845729,0.305
ba/ba_05.wav,ba,test,2.28,226,80,0.02704290095145169,0.008222362943742463,0.10015486725663716,0.335
bon/bon_01.wav,bon,train,1.704,168,144,0.029266720146069736,0.00855375942876431,0.08474702380952381,0.3075
bon/bon_02.wav,bon,train,2.76,274,80,0.005736928961889497,0.003787125876535363,0.09911496350364964,0.325
bon/bon_03.wav,bon,train,1.656,164,16,0.024742192198434904,0.007864825522291468,0.08429878048780487,0.2275
bon/bon_04.wav,bon,test,2.16,214,80,0.0999998220384445,0.015811374231739353,0.0841355140186916,0.235
bon/bon_05.wav,bon,test,2.04,202,80,0.04162868956116352,0.010201554974753056,0.08018564356435642,0.3625
