file_x,file_y,same_label,dtw_norm,total_cost,path_length
khong/khong_01.wav,khong/khong_02.wav,True,9.723977431044942,914.0538785182245,94
khong/khong_01.wav,khong/khong_03.wav,True,12.191002736403625,1121.5722517491336,92
khong/khong_01.wav,mot/mot_01.wav,False,12.27239981236838,981.7919849894704,80
khong/khong_01.wav,mot/mot_02.wav,False,11.563890856244267,1017.6223953494955,88
khong/khong_01.wav,mot/mot_03.wav,False,10.487087378454515,838.9669902763611,80
khong/khong_01.wav,hai/hai_01.wav,False,11.530487612244734,980.0914470408023,85
khong/khong_01.wav,hai/hai_02.wav,False,9.469316571713689,767.0146423088088,81
khong/khong_01.wav,hai/hai_03.wav,False,10.594290522923584,847.5432418338868,80
khong/khong_01.wav,ba/ba_01.wav,False,12.691896619268368,1154.9625923534215,91
khong/khong_01.wav,ba/ba_02.wav,False,11.389032603469476,1059.1800321226613,93
khong/khong_01.wav,ba/ba_03.wav,False,13.360865604458814,1068.8692483567052,80
khong/khong_01.wav,bon/bon_01.wav,False,11.624399603295807,929.9519682636645,80
khong/khong_01.wav,bon/bon_02.wav,False,10.442090070347012,1347.0296190747645,129
khong/khong_01.wav,bon/bon_03.wav,False,9.811048689772011,784.8838951817609,80
khong/khong_02.wav,khong/khong_03.wav,True,7.688403659482811,807.2823842456951,105
khong/khong_02.wav,mot/mot_01.wav,False,10.289183059178612,905.4481092077178,88
khong/khong_02.wav,mot/mot_02.wav,False,10.642261011554757,979.0880130630376,92
khong/khong_02.wav,mot/mot_03.wav,False,8.629370056023633,768.0139349861034,89
khong/khong_02.wav,hai/hai_01.wav,False,9.43031110968082,829.8673776519122,88
khong/khong_02.wav,hai/hai_02.wav,False,7.919650463165926,696.9292407586015,88
khong/khong_02.wav,hai/hai_03.wav,False,7.670915340077176,682.7114652668687,89
khong/khong_02.wav,ba/ba_01.wav,False,10.570033770071486,961.8730730765053,91
khong/khong_02.wav,ba/ba_02.wav,False,9.534705733389346,886.7276332052093,93
khong/khong_02.wav,ba/ba_03.wav,False,11.301683333918245,994.5481333848055,88
khong/khong_02.wav,bon/bon_01.wav,False,9.160222563903137,806.0995856234761,88
khong/khong_02.wav,bon/bon_02.wav,False,9.820980822542253,1316.011430220662,134
khong/khong_02.wav,bon/bon_03.wav,False,8.05300967998737,724.7708711988633,90
khong/khong_03.wav,mot/mot_01.wav,False,10.084273338471693,927.7531471393958,92
khong/khong_03.wav,mot/mot_02.wav,False,9.745388382500401,906.3211195725373,93
khong/khong_03.wav,mot/mot_03.wav,False,9.034215566462557,795.0109698487049,88
khong/khong_03.wav,hai/hai_01.wav,False,9.647495140042004,829.6845820436124,86
khong/khong_03.wav,hai/hai_02.wav,False,9.448210345083337,869.2353517476671,92
khong/khong_03.wav,hai/hai_03.wav,False,9.043802522090406,777.767016899775,86
khong/khong_03.wav,ba/ba_01.wav,False,8.358272801345485,785.6776433264756,94
khong/khong_03.wav,ba/ba_02.wav,False,8.007089365717176,816.723115303152,102
khong/khong_03.wav,ba/ba_03.wav,False,7.965502250853227,772.653718332763,97
khong/khong_03.wav,bon/bon_01.wav,False,8.946385096655233,796.2282736023157,89
khong/khong_03.wav,bon/bon_02.wav,False,8.632082518214384,1113.5386448496556,129
khong/khong_03.wav,bon/bon_03.wav,False,8.970488746271975,780.4325209256618,87
mot/mot_01.wav,mot/mot_02.wav,True,5.982170497730212,526.4310038002586,88
mot/mot_01.wav,mot/mot_03.wav,True,5.634973000574833,355.00329903621446,63
mot/mot_01.wav,hai/hai_01.wav,False,9.721333683401587,767.9853609887255,79
mot/mot_01.wav,hai/hai_02.wav,False,10.280717111151445,688.8080464471468,67
mot/mot_01.wav,hai/hai_03.wav,False,7.693158484498612,469.28266755441535,61
mot/mot_01.wav,ba/ba_01.wav,False,8.698625913632913,808.9722099678609,93
mot/mot_01.wav,ba/ba_02.wav,False,7.835050243668648,752.1648233921902,96
mot/mot_01.wav,ba/ba_03.wav,False,9.70347160822049,727.7603706165368,75
mot/mot_01.wav,bon/bon_01.wav,False,7.702843667778484,469.87346373448753,61
mot/mot_01.wav,bon/bon_02.wav,False,8.003975209295463,1032.5128019991148,129
mot/mot_01.wav,bon/bon_03.wav,False,5.759638185481328,357.09756749984234,62
mot/mot_02.wav,mot/mot_03.wav,True,6.500921733103564,572.0811125131136,88
mot/mot_02.wav,hai/hai_01.wav,False,9.926359899015523,873.519671113366,88
mot/mot_02.wav,hai/hai_02.wav,False,9.619520869888648,846.5178365502011,88
mot/mot_02.wav,hai/hai_03.wav,False,7.919881013832205,696.949529217234,88
mot/mot_02.wav,ba/ba_01.wav,False,9.027123317942106,884.6580851583263,98
mot/mot_02.wav,ba/ba_02.wav,False,8.91973219791468,838.45482660398,94
mot/mot_02.wav,ba/ba_03.wav,False,9.393078474009021,826.5909057127939,88
mot/mot_02.wav,bon/bon_01.wav,False,6.963966140878466,619.7929865381835,89
mot/mot_02.wav,bon/bon_02.wav,False,6.392849562100837,831.0704430731088,130
mot/mot_02.wav,bon/bon_03.wav,False,6.990829554238919,615.1930007730249,88
mot/mot_03.wav,hai/hai_01.wav,False,10.376219887134615,788.5927114222308,76
mot/mot_03.wav,hai/hai_02.wav,False,8.922731662168788,588.9002897031401,66
mot/mot_03.wav,hai/hai_03.wav,False,9.521578657558942,437.99261824771133,46
mot/mot_03.wav,ba/ba_01.wav,False,8.338478126151527,758.8015094797889,91
mot/mot_03.wav,ba/ba_02.wav,False,7.103881250996933,653.5570750917178,92
mot/mot_03.wav,ba/ba_03.wav,False,9.513165374916586,684.9479069939941,72
mot/mot_03.wav,bon/bon_01.wav,False,6.751421106006849,398.3338452544041,59
mot/mot_03.wav,bon/bon_02.wav,False,7.275625086466245,938.5556361541455,129
mot/mot_03.wav,bon/bon_03.wav,False,4.9003695366036615,220.51662914716476,45
hai/hai_01.wav,hai/hai_02.wav,True,6.577270155795104,545.9134229309936,83
hai/hai_01.wav,hai/hai_03.wav,True,5.832168500275103,443.24480602090784,76
hai/hai_01.wav,ba/ba_01.wav,False,8.953822030289437,832.7054488169177,93
hai/hai_01.wav,ba/ba_02.wav,False,8.911955410684282,828.8118531936383,93
hai/hai_01.wav,ba/ba_03.wav,False,9.414309504746551,715.4875223607379,76
hai/hai_01.wav,bon/bon_01.wav,False,10.46567621881833,795.3913926301931,76
hai/hai_01.wav,bon/bon_02.wav,False,10.577569701660694,1364.5064915142295,129
hai/hai_01.wav,bon/bon_03.wav,False,9.241821044916035,702.3783994136187,76
hai/hai_02.wav,hai/hai_03.wav,True,5.56165765795054,372.6310630826862,67
hai/hai_02.wav,ba/ba_01.wav,False,8.222085229706444,797.5422672815251,97
hai/hai_02.wav,ba/ba_02.wav,False,7.601736992847915,706.9615403348561,93
hai/hai_02.wav,ba/ba_03.wav,False,8.978202547073868,709.2780012188356,79
hai/hai_02.wav,bon/bon_01.wav,False,10.952607420665267,744.7773046052381,68
hai/hai_02.wav,bon/bon_02.wav,False,9.395444469494274,1212.0123365647614,129
hai/hai_02.wav,bon/bon_03.wav,False,8.56955746144722,557.0212349940692,65
hai/hai_03.wav,ba/ba_01.wav,False,7.55746540553647,695.2868173093552,92
hai/hai_03.wav,ba/ba_02.wav,False,7.098357903223984,653.0489270966065,92
hai/hai_03.wav,ba/ba_03.wav,False,8.115657338663482,576.2116710451072,71
hai/hai_03.wav,bon/bon_01.wav,False,9.428774304304694,556.297683953977,59
hai/hai_03.wav,bon/bon_02.wav,False,8.765613140619244,1130.7640951398826,129
hai/hai_03.wav,bon/bon_03.wav,False,8.656417453150345,398.19520284491585,46
ba/ba_01.wav,ba/ba_02.wav,True,6.088473604536695,596.6704132445961,98
ba/ba_01.wav,ba/ba_03.wav,True,5.580823628274936,524.5974210578439,94
ba/ba_01.wav,bon/bon_01.wav,False,9.346889931388155,850.5669837563221,91
ba/ba_01.wav,bon/bon_02.wav,False,8.644322787690138,1115.1176396120277,129
ba/ba_01.wav,bon/bon_03.wav,False,8.529213506216536,776.1584290657047,91
ba/ba_02.wav,ba/ba_03.wav,True,5.979214803183848,550.087761892914,92
ba/ba_02.wav,bon/bon_01.wav,False,9.398343936193541,864.6476421298057,92
ba/ba_02.wav,bon/bon_02.wav,False,9.386807021261182,1210.8981057426925,129
ba/ba_02.wav,bon/bon_03.wav,False,7.332341021076465,674.5753739390348,92
ba/ba_03.wav,bon/bon_01.wav,False,11.506905881868185,816.9903176126412,71
ba/ba_03.wav,bon/bon_02.wav,False,9.76553892129925,1259.754520847603,129
ba/ba_03.wav,bon/bon_03.wav,False,9.850443914972,699.381517963012,71
bon/bon_01.wav,bon/bon_02.wav,True,6.051903116801524,780.6955020673967,129
bon/bon_01.wav,bon/bon_03.wav,True,5.085959136617491,300.071589060432,59
bon/bon_02.wav,bon/bon_03.wav,True,6.998730213252315,902.8361975095486,129
