variant,file,true_label,baseline_prediction,variant_prediction,status,baseline_true_rank,variant_true_rank
no_trim_mfcc13,khong/khong_04.wav,khong,hai,mot,still_wrong,3,4
no_trim_mfcc13,khong/khong_05.wav,khong,hai,mot,still_wrong,2,4
no_trim_mfcc13,mot/mot_04.wav,mot,mot,mot,still_correct,1,1
no_trim_mfcc13,mot/mot_05.wav,mot,mot,mot,still_correct,1,1
no_trim_mfcc13,hai/hai_04.wav,hai,hai,hai,still_correct,1,1
no_trim_mfcc13,hai/hai_05.wav,hai,hai,hai,still_correct,1,1
no_trim_mfcc13,ba/ba_04.wav,ba,ba,ba,still_correct,1,1
no_trim_mfcc13,ba/ba_05.wav,ba,ba,mot,new_error,1,5
no_trim_mfcc13,bon/bon_04.wav,bon,bon,bon,still_correct,1,1
no_trim_mfcc13,bon/bon_05.wav,bon,bon,bon,still_correct,1,1
trim_mfcc_delta26,khong/khong_04.wav,khong,hai,hai,still_wrong,3,2
trim_mfcc_delta26,khong/khong_05.wav,khong,hai,hai,still_wrong,2,2
trim_mfcc_delta26,mot/mot_04.wav,mot,mot,mot,still_correct,1,1
trim_mfcc_delta26,mot/mot_05.wav,mot,mot,mot,still_correct,1,1
trim_mfcc_delta26,hai/hai_04.wav,hai,hai,hai,still_correct,1,1
trim_mfcc_delta26,hai/hai_05.wav,hai,hai,hai,still_correct,1,1
trim_mfcc_delta26,ba/ba_04.wav,ba,ba,ba,still_correct,1,1
trim_mfcc_delta26,ba/ba_05.wav,ba,ba,ba,still_correct,1,1
trim_mfcc_delta26,bon/bon_04.wav,bon,bon,bon,still_correct,1,1
trim_mfcc_delta26,bon/bon_05.wav,bon,bon,bon,still_correct,1,1
