file,n_frames,dtw_self,path_length
khong/khong_01.wav,80,0.0,80
khong/khong_02.wav,88,0.0,88
khong/khong_03.wav,86,0.0,86
khong/khong_04.wav,41,0.0,41
khong/khong_05.wav,68,0.0,68
mot/mot_01.wav,61,0.0,61
mot/mot_02.wav,88,0.0,88
mot/mot_03.wav,44,0.0,44
mot/mot_04.wav,73,0.0,73
mot/mot_05.wav,46,0.0,46
hai/hai_01.wav,76,0.0,76
hai/hai_02.wav,65,0.0,65
hai/hai_03.wav,46,0.0,46
hai/hai_04.wav,66,0.0,66
hai/hai_05.wav,61,0.0,61
ba/ba_01.wav,91,0.0,91
ba/ba_02.wav,92,0.0,92
ba/ba_03.wav,71,0.0,71
ba/ba_04.wav,176,0.0,176
ba/ba_05.wav,54,0.0,54
bon/bon_01.wav,59,0.0,59
bon/bon_02.wav,129,0.0,129
bon/bon_03.wav,45,0.0,45
bon/bon_04.wav,57,0.0,57
bon/bon_05.wav,52,0.0,52
