file,label,split,audio_hash
khong/khong_01.wav,khong,train,929486dcb3d62cc7ae8db876851d9cef7c69291ddebd187be6d42ea7964c2811
khong/khong_02.wav,khong,train,2478bfd6b4288be9612cd8c225666436a4f962f4eb496c5dab8b14b43589b78b
khong/khong_03.wav,khong,train,39795dbe84f47a8a6b037d74657667e7a1e6d8c5ccc5e83d8ae57425853f55f4
khong/khong_04.wav,khong,test,dca0da2033f0b08e0d3c7c29deb2f964ede37adec1ccc61c2f30876695034002
khong/khong_05.wav,khong,test,1264d814d56f9191f659f816b5ce0c480438df706a72e1146b6fa097ad26ee80
mot/mot_01.wav,mot,train,4a6cc259da1e41f070a398c6105e2cb777783b5a2bb90aa13e4c881a76df5ba4
mot/mot_02.wav,mot,train,97e27919192ac361ede8326a6a881380d6347f388a15354a0fe8ef52a9dd0dc2
mot/mot_03.wav,mot,train,0f62ea6943ddebc17c86ee7a45d6d4d5f6e12bbb35bf1d92e9d493f35ee4beb8
mot/mot_04.wav,mot,test,2bcdb916011f5c8a4c69d2a57b6c7ce19ac2244c2211debf6a799236e67ba9e7
mot/mot_05.wav,mot,test,6c27c6ccae905e759ff77aa2781687b8aa34a31c6097df69533c0fc88f5d2224
hai/hai_01.wav,hai,train,149e35bfad779f999793da92d1ac3c24f9fe25d8279f9dca3aee2d491497e435
hai/hai_02.wav,hai,train,2b671932796544a38077a4ee50156eed5ea8cbabdebbb8ce9598aeab8f2763b2
hai/hai_03.wav,hai,train,90a01322fed14f11349b98560c0cabec8bfa26fde42f3b62ef5cc58b64ccecce
hai/hai_04.wav,hai,test,ea00d67a320cae5ebe6db5a1efbdeb47e901bfc5d2472d92ca61d5732bcfeece
hai/hai_05.wav,hai,test,a5b04ac3d8abf00e4735b7cb312858cfd4f4c731667ce6a64f895ddbf211c2d8
ba/ba_01.wav,ba,train,6ef4dcc49f6853b5a18403a2e0192bf6ee385c3bf4afb5bc6c69b9b31a19a5c4
ba/ba_02.wav,ba,train,a02c2cf373e13f0a0838bb29bb3c6d1e71ec3e96468c573aac8e7c7438b9cd22
ba/ba_03.wav,ba,train,059bea659a4ec811b2c1a70678e827e233be7768f84393d497cf6f2bc8c9a82e
ba/ba_04.wav,ba,test,a84bb1d06abd56194102eef28a44843c0fd4b8139a2baa66d0e26ad2ed591364
ba/ba_05.wav,ba,test,d2976ebd60fc89db5cf36b133c10512dcfffa08edcfc731338c7fc7814c2d0d4
bon/bon_01.wav,bon,train,537e2aaf889fd1d9fd9879a45ece795b212c87cc1e13a4e3e43fb07837a01f86
bon/bon_02.wav,bon,train,d6d4333c5c04f2047f505047538e8a5b1ef63b62aa249bb59d31dfff66e6f036
bon/bon_03.wav,bon,train,b344a6bc75fa4f2f2053d81edae1e95de86bd9569c3057d45d9035504c2d6ceb
bon/bon_04.wav,bon,test,8223461ad31e2e5fa78b9e4b1e87ff43696df57a269d3b0fc577debc1680d815
bon/bon_05.wav,bon,test,db86907df5caf154e2983cb45134e2ef4df215920f6d7f567886ac498b63f641
