file,true_label,predicted_label,correct,winning_template,score_gap,true_label_rank,true_label_score,true_label_template,true_minus_pred_score,n_frames,input_duration_s,trimmed_duration_s,endpoint_warnings,query_audio_hash,top1_label,top1_score,top1_template,top2_label,top2_score,top2_template,top3_label,top3_score,top3_template
khong/khong_04.wav,khong,hai,False,hai/hai_02.wav,0.7551295290694551,3,7.10465833732014,khong/khong_02.wav,0.7617504770713825,41,2.208,0.425,,dca0da2033f0b08e0d3c7c29deb2f964ede37adec1ccc61c2f30876695034002,hai,6.342907860248758,hai/hai_02.wav,bon,7.098037389318213,bon/bon_03.wav,khong,7.10465833732014,khong/khong_02.wav
khong/khong_05.wav,khong,hai,False,hai/hai_02.wav,0.08518493011864692,2,6.81965338802468,khong/khong_02.wav,0.08518493011864692,68,3.432,0.695,,1264d814d56f9191f659f816b5ce0c480438df706a72e1146b6fa097ad26ee80,hai,6.734468457906033,hai/hai_02.wav,khong,6.81965338802468,khong/khong_02.wav,bon,7.776631812602069,bon/bon_03.wav
mot/mot_04.wav,mot,mot,True,mot/mot_01.wav,1.7455045870730022,1,4.742079901692872,mot/mot_01.wav,0.0,73,2.76,0.745,,2bcdb916011f5c8a4c69d2a57b6c7ce19ac2244c2211debf6a799236e67ba9e7,mot,4.742079901692872,mot/mot_01.wav,bon,6.487584488765874,bon/bon_03.wav,ba,7.94433657999985,ba/ba_02.wav
mot/mot_05.wav,mot,mot,True,mot/mot_03.wav,1.352958748202136,1,4.973201596485003,mot/mot_03.wav,0.0,46,2.328,0.475,,6c27c6ccae905e759ff77aa2781687b8aa34a31c6097df69533c0fc88f5d2224,mot,4.973201596485003,mot/mot_03.wav,bon,6.326160344687139,bon/bon_03.wav,ba,6.926911853767254,ba/ba_02.wav
hai/hai_04.wav,hai,hai,True,hai/hai_01.wav,2.6827975891849167,1,5.883987590717936,hai/hai_01.wav,0.0,66,2.256,0.675,Có vùng năng lượng khác ngoài vùng chính; cần nghe để xác nhận không phải tiếng nói,ea00d67a320cae5ebe6db5a1efbdeb47e901bfc5d2472d92ca61d5732bcfeece,hai,5.883987590717936,hai/hai_01.wav,ba,8.566785179902853,ba/ba_03.wav,khong,8.65725645605626,khong/khong_02.wav
hai/hai_05.wav,hai,hai,True,hai/hai_03.wav,2.0780290090287545,1,6.146397147872315,hai/hai_03.wav,0.0,61,3.792,0.625,Nền đầu/cuối có thể chứa âm mạnh; dùng ngưỡng tương đối theo peak; Có vùng năng lượng khác ngoài vùng chính; cần nghe để xác nhận không phải tiếng nói,a5b04ac3d8abf00e4735b7cb312858cfd4f4c731667ce6a64f895ddbf211c2d8,hai,6.146397147872315,hai/hai_03.wav,ba,8.22442615690107,ba/ba_01.wav,khong,8.37856678753144,khong/khong_02.wav
ba/ba_04.wav,ba,ba,True,ba/ba_01.wav,1.1401385610717254,1,5.651276716655811,ba/ba_01.wav,0.0,176,3.648,1.775,,a84bb1d06abd56194102eef28a44843c0fd4b8139a2baa66d0e26ad2ed591364,ba,5.651276716655811,ba/ba_01.wav,khong,6.791415277727537,khong/khong_03.wav,hai,7.392624763953766,hai/hai_03.wav
ba/ba_05.wav,ba,ba,True,ba/ba_02.wav,0.09563785775708755,1,6.894792507523033,ba/ba_02.wav,0.0,54,2.28,0.555,,d2976ebd60fc89db5cf36b133c10512dcfffa08edcfc731338c7fc7814c2d0d4,ba,6.894792507523033,ba/ba_02.wav,mot,6.990430365280121,mot/mot_03.wav,khong,7.815825583057693,khong/khong_03.wav
bon/bon_04.wav,bon,bon,True,bon/bon_01.wav,2.8959668515516546,1,4.153889348379176,bon/bon_01.wav,0.0,57,2.16,0.585,Có vùng năng lượng khác ngoài vùng chính; cần nghe để xác nhận không phải tiếng nói,8223461ad31e2e5fa78b9e4b1e87ff43696df57a269d3b0fc577debc1680d815,bon,4.153889348379176,bon/bon_01.wav,mot,7.04985619993083,mot/mot_03.wav,khong,9.083370743700637,khong/khong_02.wav
bon/bon_05.wav,bon,bon,True,bon/bon_02.wav,1.8139911367753143,1,8.818119524208164,bon/bon_02.wav,0.0,52,2.04,0.535,Có vùng năng lượng khác ngoài vùng chính; cần nghe để xác nhận không phải tiếng nói,db86907df5caf154e2983cb45134e2ef4df215920f6d7f567886ac498b63f641,bon,8.818119524208164,bon/bon_02.wav,khong,10.632110660983479,khong/khong_03.wav,mot,11.102136550576233,mot/mot_02.wav
